open,high,low,close,volume
15.07,15,14.63,14.75,8407500.0
14.89,15,14.26,14.46,8882000.0
14.45,14,14.1,14.27,8126000.0
14.3,14,14.25,14.66,10259500.0
14.94,14,13.16,13.99,31879900.0
13.93,14,13.93,14.5,15628000.0
14.33,14,14.08,14.26,11354400.0
14.17,14,13.15,13.33,14725200.0
13.62,13,12.9,13.37,11922100.0
13.57,13,13.21,13.57,6071400.0
13.6,13,13.0,13.02,7186400.0
13.14,13,12.7,13.26,9419000.0
13.28,13,13.18,13.41,7390500.0
13.49,13,13.39,13.43,6143600.0
13.37,13,13.32,13.61,7376800.0
13.5,14,13.47,13.9,8174800.0
14.01,14,13.71,14.05,7676100.0
14.52,14,14.25,14.57,13243200.0
14.7,14,14.5,14.82,9125300.0
14.99,15,14.84,14.92,10593700.0
14.85,15,14.71,15.13,6961800.0
15.14,15,14.95,15.5,8999100.0
15.54,16,15.48,15.91,11380000.0
15.98,16,15.93,16.25,8383300.0
16.45,16,15.88,15.98,17667700.0
15.8,16,15.71,16.29,6514100.0
16.48,16,16.41,16.78,11805300.0
17.13,17,16.87,17.23,10819800.0
17.21,17,16.87,17.0,10740800.0
17.1,17,16.77,16.86,8545200.0
16.92,17,16.35,16.6,8400000.0
16.67,16,16.5,16.51,6898500.0
16.48,16,16.33,16.65,5537100.0
17.0,17,16.82,16.97,8324100.0
17.02,17,16.54,16.67,5222300.0
16.48,16,15.71,15.74,14595600.0
15.82,15,15.13,15.53,14658300.0
15.12,15,15.12,15.69,5520300.0
15.17,15,15.03,15.72,5252300.0
15.82,15,15.53,15.84,3780700.0
16.07,16,15.67,15.7,4420200.0
15.74,15,15.7,15.78,3650600.0
15.77,16,15.75,16.19,5062200.0
16.11,16,15.95,16.14,3751800.0
16.2,16,15.47,15.59,6243400.0
15.96,16,15.81,16.37,10458200.0
16.17,16,15.9,16.52,6581900.0
16.54,16,15.95,16.1,7633300.0
16.1,16,15.85,16.02,5762600.0
15.99,16,15.5,15.52,9227100.0
15.33,16,15.33,16.3,12302300.0
16.26,16,16.0,16.45,6114400.0
16.55,16,16.19,16.22,5548800.0
16.38,16,16.16,16.59,7272100.0
16.7,16,16.56,16.81,5436400.0
16.8,17,16.57,16.9,3640700.0
16.91,17,16.6,16.6,4943600.0
16.72,16,16.6,16.94,4888900.0
17.02,17,16.89,17.02,6451900.0
17.05,17,16.91,17.0,3930700.0
17.15,17,16.95,16.98,3157000.0
17.01,17,16.99,17.34,6706200.0
17.53,17,17.34,17.38,6424000.0
17.61,17,17.41,17.76,4248200.0
17.74,17,17.57,17.72,4250900.0
17.82,18,17.8,18.1,5989700.0
18.37,18,18.31,18.81,8951500.0
18.96,19,18.88,19.12,6679300.0
19.38,19,18.75,19.01,7540000.0
19.05,19,18.39,18.59,6055000.0
18.55,18,17.65,17.95,10018700.0
18.06,18,17.71,17.93,8662000.0
17.48,18,17.44,18.19,7482400.0
18.11,18,17.89,18.21,4277800.0
18.44,18,18.05,18.12,4561900.0
18.06,18,17.65,17.83,4216200.0
17.92,18,17.66,17.67,4126600.0
17.66,17,17.55,17.57,3831500.0
17.54,17,17.4,17.73,5776800.0
17.78,18,17.56,17.65,4543800.0
17.15,17,16.85,16.95,11852000.0
16.92,17,15.93,16.64,12738600.0
16.89,17,16.65,17.02,4030900.0
17.09,17,17.05,17.26,4246400.0
16.94,17,16.75,16.92,3788700.0
16.97,17,16.65,16.88,3602200.0
16.85,17,16.64,17.01,5384700.0
16.96,17,16.81,16.93,2572500.0
17.02,17,16.74,16.95,2845000.0
16.94,17,16.82,17.22,4298600.0
17.16,17,17.0,17.06,2382500.0
16.73,17,16.53,16.73,5234200.0
16.8,16,16.05,16.34,6423700.0
16.06,16,15.59,16.13,6691000.0
16.22,16,16.16,16.46,3399500.0
16.5,16,16.17,16.17,3604500.0
16.29,16,16.0,16.31,3566000.0
16.24,16,16.16,16.42,7063900.0
16.5,17,16.48,16.8,4666900.0
16.78,16,16.36,16.43,4009300.0
16.06,16,16.04,16.75,2625800.0
16.93,17,16.68,16.84,2397200.0
16.94,17,16.85,16.94,2671200.0
17.01,17,16.97,17.36,4076600.0
17.32,17,17.01,17.17,4289700.0
17.4,17,17.27,17.37,3153800.0
17.36,17,17.35,17.56,3947100.0
17.66,17,17.56,17.76,3267000.0
17.86,18,17.75,17.95,3839100.0
17.96,18,17.95,18.45,6291800.0
18.7,18,18.31,18.42,8434200.0
18.26,18,18.0,18.23,4122700.0
18.25,18,18.0,18.15,4705200.0
18.33,18,17.85,18.05,4893700.0
18.43,18,18.22,18.5,10792800.0
18.49,18,18.3,18.83,9851900.0
18.74,19,18.68,19.09,7797700.0
19.07,19,18.93,19.23,6462700.0
19.33,19,19.11,19.2,6091900.0
19.25,19,19.19,19.35,9571100.0
19.44,19,19.24,19.38,7989100.0
19.38,19,18.9,18.92,7382700.0
18.9,19,18.9,19.17,4365800.0
19.17,19,18.83,18.92,3350300.0
18.84,18,18.52,18.87,4318500.0
18.99,19,18.9,18.98,4269900.0
18.91,19,18.56,18.6,4720600.0
18.49,18,18.07,18.82,4674800.0
18.86,18,16.29,16.36,78591200.0
16.05,16,15.35,16.17,28026200.0
15.97,16,15.65,15.72,10372800.0
15.7,16,15.7,16.01,8824700.0
15.97,15,15.62,15.64,6141500.0
15.64,16,15.6,15.8,6373900.0
15.8,15,15.75,15.81,4234300.0
15.91,16,15.9,16.27,4770200.0
16.3,16,16.1,16.16,2190400.0
16.16,16,16.03,16.21,2808200.0
15.87,16,15.33,15.47,6422300.0
15.38,15,15.28,15.34,3613100.0
16.03,16,15.72,15.96,7645000.0
16.1,16,16.07,16.16,7569500.0
16.38,16,16.11,16.39,4178200.0
16.49,16,16.44,16.81,4839200.0
16.95,17,16.88,16.99,3528500.0
17.18,17,16.62,16.8,4512900.0
16.86,17,16.84,17.47,5276200.0
17.69,18,17.64,18.12,5827000.0
18.03,18,17.31,17.72,6391100.0
17.69,17,17.55,17.63,3475500.0
17.71,18,17.71,17.87,2590600.0
18.16,18,17.97,18.07,5691300.0
18.57,18,18.5,18.72,5634500.0
18.68,18,18.47,18.68,4482400.0
18.67,19,18.61,18.97,5189900.0
18.94,19,18.83,18.89,4989100.0
18.89,19,18.54,18.86,3354400.0
18.79,19,18.68,18.99,5610900.0
19.13,19,18.8,19.18,3519500.0
19.17,19,19.1,19.47,3301300.0
19.09,19,18.77,19.08,4223100.0
18.34,19,18.04,18.96,4364300.0
18.98,19,18.98,19.69,7630300.0
20.0,20,19.74,19.84,5555100.0
20.0,20,19.67,20.48,7886500.0
20.31,20,20.31,20.53,6492900.0
20.41,20,20.3,20.39,3837200.0
20.32,20,19.92,20.02,4188900.0
20.08,20,19.77,20.06,3358000.0
20.35,20,20.27,20.5,3372000.0
20.5,20,20.42,20.72,3503300.0
20.52,20,20.26,20.58,3066400.0
20.64,20,20.32,20.5,3089000.0
20.57,20,20.45,20.62,3478800.0
20.72,21,20.64,21.0,4487000.0
21.23,21,20.82,21.14,3676600.0
21.23,21,21.07,21.22,2104100.0
21.53,21,21.34,21.95,5208400.0
21.82,22,21.31,21.4,5540000.0
22.08,23,21.82,22.67,9779400.0
22.76,23,21.65,22.15,9907100.0
22.24,22,21.88,22.01,4642800.0
22.76,22,22.07,22.37,5769000.0
22.38,22,21.82,22.58,13157000.0
22.6,22,21.97,21.97,6029300.0
22.04,22,21.6,22.44,7190700.0
22.6,23,22.57,22.71,19962000.0
22.75,22,22.33,22.68,7127300.0
23.26,23,21.9,22.4,8827100.0
22.53,22,21.95,22.08,6393200.0
22.16,23,22.12,23.21,8462000.0
23.25,23,23.06,23.27,3508100.0
23.26,25,22.5,23.52,40091800.0
24.22,24,23.13,23.31,20087200.0
23.79,23,23.38,23.66,12641900.0
23.73,24,23.32,23.89,13660700.0
24.22,24,24.04,24.4,10080800.0
24.55,24,24.08,24.23,14087400.0
24.29,24,23.91,24.06,11182500.0
24.07,24,23.78,23.99,9920500.0
24.2,24,23.9,24.27,12430500.0
24.45,24,24.0,24.24,9436600.0
24.17,24,23.7,23.81,10785200.0
23.92,24,23.63,23.98,14261600.0
24.12,24,23.45,23.48,4922900.0
23.55,23,23.01,23.04,9149800.0
22.99,22,22.01,22.39,17623800.0
22.38,22,21.69,21.87,16670300.0
22.27,22,21.45,22.35,30725800.0
22.72,22,22.13,22.55,28364700.0
23.95,25,23.4501,24.6,43197268.0
24.54,25,24.41,24.88,18660625.0
25.44,27,25.37,25.99,38843371.0
26.2,26,25.45,25.45,19981824.0
25.61,26,25.5201,26.23,12192421.0
26.63,26,26.35,26.61,13190945.0
26.47,26,25.9501,26.1,11413199.0
25.99,26,25.55,26.23,9994162.0
26.09,26,25.821,26.12,6916497.0
26.16,26,26.14,26.33,8530924.0
26.29,26,26.05,26.18,5403084.0
26.0,26,26.0,26.25,2652974.0
26.12,26,25.975,26.13,4226639.0
25.95,26,24.91,24.94,13227018.0
24.87,25,24.65,24.78,8841369.0
24.74,25,24.63,25.25,7168395.0
25.07,25,25.06,25.36,8998943.0
25.75,26,25.51,26.54,13836062.0
26.62,27,26.6,27.03,11272273.0
27.2,27,26.67,26.905,11288775.0
26.37,27,26.35,27.63,15736891.0
28.24,29,28.2,29.42,26056445.0
29.05,29,28.75,29.35,12824160.0
29.18,29,28.58,28.65,10591701.0
28.75,29,28.71,28.87,10601529.0
28.9,29,28.7,28.84,11192558.0
28.94,29,28.7,29.34,7034698.0
29.3,30,29.171,30.02,18304949.0
30.66,30,30.2,30.66,10612821.0
30.71,31,30.65,31.2,7583631.0
30.65,31,30.62,31.35,11397447.0
31.02,31,29.91,30.4,13699981.0
30.4,30,28.67,30.18,16288488.0
30.32,32,30.02,31.96,23966003.0
32.24,33,32.1,32.98,22726800.0
33.36,34,33.2,33.8,13677012.0
33.44,34,33.0,33.55,12795698.0
33.95,34,33.05,33.96,21743871.0
34.04,34,33.58,34.05,11241908.0
33.82,33,33.4,33.8,15471546.0
33.71,34,33.7,34.66,13924507.0
34.81,35,34.65,35.67,15411777.0
36.1,36,35.38,35.58,11110235.0
35.58,35,34.39,35.13,11990875.0
34.89,35,34.36,34.69,9386780.0
34.07,35,34.06,35.025,8412272.0
34.85,35,34.22,34.41,7307286.0
34.73,34,34.2,34.31,7090152.0
34.25,35,34.11,34.59,7259501.0
34.43,35,34.43,35.66,9289448.0
35.78,36,35.75,36.17,7821334.0
36.2,36,36.02,36.65,7022370.0
36.63,37,36.51,37.0,8991389.0
37.12,37,36.58,36.75,10516864.0
36.88,36,36.34,36.56,5666647.0
36.11,36,36.07,36.93,7991349.0
36.17,36,35.32,36.1,9495177.0
36.57,37,36.57,37.34,11742444.0
37.6,38,37.51,37.86,8793959.0
38.28,39,38.28,38.81,14008414.0
39.17,39,38.11,39.02,10540431.0
38.7,39,38.55,38.96,11415390.0
38.65,39,37.95,38.08,11311219.0
37.97,38,37.23,37.5599,9416584.0
37.9,37,35.75,36.74,11743627.0
36.0,37,35.67,36.34,7199813.0
36.62,37,36.53,37.7,9240047.0
37.75,38,37.09,37.35,5716947.0
37.27,37,36.68,37.08,3863064.0
36.61,37,36.28,36.56,6952115.0
36.76,36,35.91,36.11,14113193.0
36.25,36,36.03,36.8,6514506.0
36.88,38,36.86,37.9,10419256.0
38.15,38,36.64,36.7,7322443.0
36.62,36,35.02,35.77,9546097.0
35.77,36,35.35,35.39,6792745.0
35.84,36,35.75,36.6,8415583.0
36.95,38,36.85,37.94,11065541.0
38.24,38,37.48,37.71,12508405.0
37.72,38,36.96,37.34,7939297.0
37.41,37,36.3001,36.56,8733197.0
36.78,37,35.46,35.78,10577786.0
36.0,36,33.62,35.98,17409958.0
36.08,37,35.16,36.9,11479241.0
36.7,37,34.6,35.29,16312604.0
34.1,35,33.59,33.6799,15538291.0
34.0,34,32.77,33.37,13466805.0
33.52,34,31.86,33.72,15981721.0
34.17,35,33.94,35.51,15636133.0
35.5,35,34.82,35.4,9225655.0
35.08,35,34.86,35.67,7190588.0
35.76,36,35.75,36.16,8942295.0
37.14,37,36.4,37.09,14649452.0
37.84,38,35.8,37.26,21038719.0
37.0,37,35.91,36.0,9576404.0
36.41,36,34.34,35.16,13149281.0
35.2,35,34.97,35.51,8994998.0
35.68,35,34.89,35.07,6946491.0
35.86,36,35.465,36.39,11502084.0
36.27,36,36.06,36.49,6987195.0
36.08,36,35.79,36.6,5819281.0
37.14,37,36.39,36.67,9492604.0
36.53,37,36.31,37.22,7800951.0
37.25,38,37.05,38.25,14451109.0
37.96,38,37.91,38.26,9704405.0
38.35,39,38.35,39.39,12440659.0
38.95,39,38.85,39.31,8680113.0
39.08,39,38.56,38.84,7993886.0
38.55,38,37.48,38.19,10677177.0
38.01,38,37.76,38.525,7062948.0
38.49,39,38.1,38.57,7165081.0
38.54,38,38.02,38.24,6285855.0
38.28,38,38.05,38.32,6565390.0
38.3,38,38.3,38.72,6414652.0
38.53,39,38.53,39.11,9865965.0
39.38,39,39.23,39.35,9586877.0
39.4,40,39.19,39.8,11133508.0
39.89,40,39.36,39.82,9668210.0
39.83,40,39.68,40.16,13888723.0
40.0,41,40.0,41.22,9906030.0
41.13,42,41.1103,41.44,9460202.0
41.36,42,41.2,42.82,11934666.0
43.0,43,42.27,42.41,8543065.0
42.45,43,42.42,43.88,13616388.0
44.0,44,43.07,43.59,11689566.0
43.5,43,42.93,43.66,8384472.0
42.9,43,42.03,42.29,13185059.0
41.27,41,38.855,40.2,37320111.0
40.25,40,39.55,40.38,13594153.0
39.68,41,39.67,41.06,13634011.0
41.08,42,40.76,41.87,12527641.0
41.93,42,41.57,42.66,11250953.0
42.82,43,42.66,43.06,14117100.0
43.04,44,43.03,44.55,40644263.0
44.3,44,43.8,44.36,18457895.0
44.14,44,42.76,43.179,13252583.0
42.9,44,42.3,43.91,10944639.0
43.96,44,43.5,44.55,11175082.0
44.3,44,43.91,44.0,41471585.0
44.04,44,42.83,42.96,10456585.0
43.44,43,43.05,43.86,9165112.0
42.89,42,41.42,41.95,19747272.0
42.61,42,41.4,41.62,8257974.0
41.72,41,39.92,40.1,14227133.0
39.14,40,37.9,40.26,26401824.0
42.08,42,40.505,41.985,20468311.0
41.0,42,40.771,42.82,11829169.0
42.91,43,42.52,42.88,8135498.0
43.26,43,42.73,42.98,7215369.0
43.33,43,42.78,43.7,8360710.0
44.0,44,43.3,43.48,6371440.0
43.04,43,41.65,41.6999,13919677.0
42.23,43,42.15,42.9199,8870098.0
42.91,42,42.25,42.48,5684272.0
42.7,42,42.15,42.38,6458469.0
42.72,43,42.65,43.33,10166698.0
42.5,43,41.7,42.16,18018077.0
42.25,42,41.335,41.68,10991606.0
41.87,41,39.81,40.29,15941271.0
40.65,40,39.39,39.53,10719068.0
39.9,40,39.295,39.55,10759693.0
38.9,39,38.05,38.85,13536481.0
38.75,39,38.43,39.43,8978315.0
39.49,39,37.63,38.14,11092629.0
37.89,38,36.743,37.18,10422964.0
36.56,38,36.14,37.46,9501866.0
37.7,38,36.5,36.86,9886761.0
36.56,37,35.23,37.18,20757527.0
37.79,38,37.35,37.97,9015766.0
38.14,38,37.27,37.52,6224836.0
37.64,38,37.44,38.12,6176947.0
38.5,39,38.46,39.57,10132481.0
39.98,40,38.79,39.19,9812047.0
39.6,40,39.6,40.66,10902850.0
40.96,41,40.26,40.43,5819609.0
40.4,40,40.03,40.6,6506835.0
40.75,40,39.445,39.51,8155816.0
39.6,40,39.5501,39.85,5773533.0
40.23,40,39.4,39.42,7075596.0
39.55,39,39.07,39.09,5733286.0
39.36,39,38.68,38.99,6457332.0
38.71,39,38.7,39.17,3888975.0
39.1,39,38.36,38.881,6648785.0
39.0,40,38.89,40.5,10934400.0
39.73,39,38.67,39.14,9997418.0
39.37,39,38.36,38.47,12007001.0
38.51,38,37.71,37.85,12070387.0
37.96,38,37.96,38.23,7348230.0
37.63,38,37.38,37.96,9102068.0
37.93,38,37.91,38.58,8111323.0
38.73,39,37.93,38.09,10067719.0
38.09,38,37.63,37.65,8233283.0
37.6,37,36.84,37.07,7954304.0
37.0,38,36.81,37.98,6724333.0
37.92,38,37.04,37.46,6684347.0
37.7,38,37.6,38.05,4556264.0
38.06,38,36.63,36.63,17592703.0
37.0,37,35.44,35.58,10968997.0
35.04,35,34.64,35.33,12149378.0
35.47,36,35.18,36.12,8491863.0
35.88,35,34.865,35.21,10934832.0
35.25,36,35.02,35.93,8515487.0
35.35,35,34.94,35.03,7492228.0
35.05,35,34.34,35.48,10657887.0
34.72,34,33.85,34.39,19453289.0
34.47,35,33.51,33.93,21482153.0
34.66,36,34.61,36.23,15081075.0
36.31,36,34.86,34.93,12794164.0
34.75,35,34.06,34.09,10032531.0
34.53,34,32.6,33.0,22753612.0
33.5,33,31.94,31.98,22639564.0
31.55,32,29.78,30.78,31018666.0
31.07,31,28.1,28.58,34532913.0
29.29,32,29.28,31.51,28145226.0
30.22,32,29.4925,31.69,39941285.0
30.63,33,30.0,32.97,24987103.0
33.88,34,32.81,33.38,16009738.0
34.19,35,34.0009,35.22,13532715.0
36.14,37,36.02,37.85,26347743.0
38.05,38,36.94,37.04,18958406.0
37.43,40,36.8,38.48,33292004.0
38.6,39,38.58,39.82,17834118.0
39.6,40,39.29,39.91,13355207.0
40.11,40,39.75,40.24,12193479.0
40.07,40,39.245,39.94,15784094.0
39.91,40,39.62,40.3,10566622.0
41.1,41,40.8,41.35,13012634.0
41.44,42,41.43,42.0,8446445.0
42.83,43,42.499,42.7,17421198.0
43.32,43,42.09,42.25,11528847.0
42.59,44,42.59,43.14,14477213.0
43.14,43,42.63,43.2,9022642.0
42.5,43,41.675,43.83,13171001.0
44.0,44,43.32,43.44,11053611.0
43.25,43,42.84,43.43,7705263.0
43.54,44,43.4898,44.12,11134963.0
44.0,44,43.665,44.01,8746243.0
43.97,44,43.63,43.69,8691679.0
43.755,45,43.755,45.05,14219440.0
44.83,45,44.04,44.1,11291063.0
43.65,44,43.2,44.16,9431411.0
44.38,44,43.25,43.31,10866472.0
43.72,43,42.78,43.21,9576570.0
43.18,44,43.1,44.15,11563828.0
44.31,45,44.0,44.97,12798776.0
47.0,49,47.0,48.53,21638709.0
49.0,49,47.36,47.88,15151440.0
48.12,48,47.15,47.86,11853928.0
47.74,48,46.925,48.24,8917697.0
49.6,50,49.32,49.65,15233774.0
50.09,51,50.01,51.01,15588179.0
50.44,51,50.15,50.82,16167321.0
49.1,49,47.39,48.31,20575397.0
49.8,50,48.25,48.94,18499976.0
49.8,51,49.65,50.53,15100887.0
51.675,51,49.9,49.97,15364034.0
50.21,51,49.32,50.84,15368535.0
51.01,51,47.68,47.96,22053666.0
48.26,49,46.05,48.8,24779800.0
48.56,50,47.5,50.14,16945321.0
49.67,50,49.1,50.71,26787715.0
51.1,51,50.72,50.84,8872374.0
50.95,51,49.84,50.21,7169796.0
50.66,51,50.35,51.43,5961395.0
51.46,52,51.06,51.955,6841763.0
51.65,53,51.3,52.85,8791483.0
53.0,53,52.83,53.42,8063140.0
53.9,54,53.32,53.63,11063024.0
54.28,54,53.07,53.91,10756705.0
54.37,54,53.34,53.875,11565004.0
54.27,54,52.13,53.04,13772171.0
53.38,53,52.12,53.01,10069816.0
53.48,54,53.25,53.66,9672064.0
53.67,53,51.82,52.02,12351638.0
51.06,51,49.2,49.58,18261336.0
50.12,51,49.46,50.4,12259271.0
49.41,50,48.1,49.41,15684697.0
49.135,50,48.58,49.41,10399684.0
49.38,49,48.27,49.81,12978011.0
51.0,52,49.9345,52.75,15157342.0
52.65,54,51.95,53.67,12882227.0
54.52,55,53.91,55.59,16201053.0
55.4,55,54.8,55.69,9488822.0
55.89,56,54.73,55.45,13353937.0
53.99,54,52.54,52.695,19810717.0
52.79,53,50.3,50.62,17064794.0
51.045,52,50.57,52.24,16618856.0
52.02,52,48.63,49.08,18473105.0
48.58,48,46.21,48.72,22413054.0
47.3,48,46.55,47.5,16678900.0
48.62,49,48.23,49.46,11836762.0
49.46,49,47.6,48.81,9220865.0
48.84,49,47.89,48.145,8650092.0
46.41,47,45.95,46.53,12961897.0
47.4,48,46.9,48.05,9085330.0
48.79,48,47.35,47.59,10060185.0
46.75,48,46.4,47.88,9542801.0
47.53,48,46.65,48.39,9895724.0
48.77,49,47.86,48.01,7260535.0
48.6,49,48.184,49.31,8752743.0
50.78,50,49.59,49.78,11462822.0
49.81,51,49.13,51.02,10537876.0
51.75,52,50.95,51.31,9508679.0
50.29,51,49.36,51.52,13916738.0
51.3,51,49.46,49.73,9577025.0
50.38,50,49.02,49.35,7577294.0
49.0,49,47.85,47.9,9396398.0
48.2,48,47.85,48.31,11482901.0
47.9,49,47.75,48.77,9051248.0
48.85,48,47.98,48.95,6711005.0
49.19,49,47.78,48.395,7041012.0
48.33,48,47.9,47.995,7002303.0
48.05,48,47.58,47.92,7460205.0
47.5,47,46.47,46.735,9337145.0
46.9,47,46.58,47.39,6630302.0
47.57,48,47.56,48.68,7133511.0
48.75,49,48.28,49.22,9187991.0
49.77,50,49.45,50.22,10897774.0
52.63,54,52.5,53.69,41837891.0
53.69,54,53.34,54.13,21324978.0
54.57,55,54.45,55.19,18897709.0
55.19,56,54.86,55.76,137767165.0
55.47,55,54.37,54.395,19042013.0
54.04,54,53.66,53.93,11940800.0
53.62,53,51.93,52.01,14237851.0
50.84,51,50.25,51.265,14242731.0
51.38,52,51.38,52.66,9003971.0
53.24,53,53.05,53.64,8167282.0
53.66,53,52.68,52.78,8386414.0
51.1,51,50.11,50.44,15191509.0
50.48,50,49.15,49.175,14109775.0
48.35,48,47.67,48.08,13323351.0
48.3,48,47.49,47.495,9393200.0
47.8,49,47.73,48.74,11180048.0
48.86,49,47.72,47.84,11576174.0
48.16,48,47.72,47.73,11713378.0
47.47,48,47.47,47.79,9350279.0
47.49,47,46.88,47.42,9878409.0
48.0,48,47.67,47.75,9846675.0
47.81,48,47.75,48.24,7155874.0
47.96,48,47.9451,48.19,8659765.0
48.61,49,47.91,49.76,9523520.0
50.0,51,49.46,51.36,10850327.0
51.4,51,50.4,51.4,7333255.0
51.07,51,50.7007,51.45,9821775.0
51.98,53,51.49,52.705,20248074.0
52.68,52,51.695,51.87,9843392.0
51.7,51,50.01,51.19,9235688.0
50.58,50,47.66,48.88,18050280.0
48.5,49,48.01,48.285,9400367.0
48.65,49,48.51,49.39,8084568.0
49.41,50,48.8,48.95,5589831.0
48.21,48,46.9,47.005,11384951.0
46.78,47,46.15,47.045,10116405.0
47.4,49,47.4,49.06,11427992.0
49.23,49,48.93,49.04,6478195.0
49.0,50,48.8,49.645,8036689.0
49.11,49,48.63,48.85,6820544.0
49.27,49,48.4,48.49,8553119.0
48.94,49,48.5,48.815,7980104.0
49.41,49,48.56,48.665,6650381.0
48.56,49,48.38,49.0,6152250.0
49.45,49,47.7,47.85,14984942.0
47.56,47,42.97,43.06,51460347.0
43.19,43,42.4,42.47,23895773.0
42.7,42,42.02,42.61,16113065.0
43.05,43,41.36,41.555,17481066.0
41.65,42,41.6,42.24,13017827.0
42.25,42,41.77,41.97,9238835.0
41.68,42,41.32,42.37,13236123.0
42.61,44,42.09,44.18,21917072.0
43.3,44,43.04,43.775,14832921.0
43.35,43,43.01,43.13,13272584.0
43.05,43,41.88,42.17,14128026.0
42.13,42,41.71,41.72,9951149.0
41.07,41,39.27,39.86,25757794.0
38.8,40,38.45,40.325,27024764.0
40.21,41,39.7,40.43,15731942.0
40.79,41,39.94,40.02,10116732.0
39.84,40,39.76,40.705,10333824.0
40.35,41,40.01,40.07,8830268.0
40.13,40,39.32,39.48,9212092.0
39.27,40,38.91,39.88,9567438.0
39.8,40,39.61,39.975,10647022.0
40.3,41,40.3,41.56,20198313.0
42.92,43,42.24,43.03,15120162.0
42.98,43,42.35,42.725,10701960.0
42.7,42,42.07,42.24,6895903.0
42.65,43,42.2,42.24,8174154.0
42.44,42,41.33,41.44,9819882.0
40.77,41,39.59,39.75,17651705.0
40.2,40,39.93,39.935,11184512.0
40.65,40,37.8,38.8,24907070.0
39.02,39,38.4,39.03,11080020.0
39.09,40,39.08,39.73,9157738.0
39.93,40,39.26,40.675,10375901.0
40.3,40,39.14,39.31,11193029.0
39.84,40,39.655,39.67,8490876.0
40.51,41,40.5,41.21,16451679.0
41.96,42,41.96,42.42,12076978.0
42.04,42,41.29,42.06,12701464.0
41.39,42,40.39,41.54,17922765.0
41.81,42,41.3,41.39,12111338.0
41.45,41,41.241,41.4,9735964.0
41.55,41,40.44,40.55,7645875.0
40.5,41,40.49,40.9,7300014.0
40.96,41,40.96,41.43,8302897.0
42.78,43,42.0,42.61,16579876.0
43.0,43,39.62,39.63,20152599.0
39.63,40,38.9,40.14,12071366.0
40.18,41,40.18,41.17,8186041.0
41.09,41,40.44,40.73,6801435.0
40.58,40,39.92,40.27,5855845.0
40.53,40,39.88,40.1,6955874.0
40.24,41,40.21,41.71,9261863.0
42.15,42,41.88,42.74,13354267.0
42.85,43,42.592,42.96,7581022.0
43.25,43,41.76,42.18,7395473.0
42.21,42,41.4,41.49,5588631.0
41.75,42,41.45,41.68,6860606.0
41.74,43,41.6501,42.7,10378553.0
42.37,42,40.68,42.52,10434817.0
42.76,43,42.27,42.67,6605820.0
42.35,43,42.35,42.88,4857867.0
42.96,44,42.82,43.95,8385397.0
44.06,44,43.24,43.63,6317183.0
43.53,44,43.21,43.53,8373959.0
42.84,43,41.78,41.98,8905660.0
41.4,41,39.75,39.75,16241613.0
36.0,39,34.1,37.62,19612661.0
39.39,39,37.49,37.5,12820340.0
38.77,39,36.97,38.85,15679843.0
39.17,39,37.97,39.03,13793641.0
38.93,39,38.35,38.62,11824990.0
38.63,39,38.62,38.98,12409620.0
38.63,39,38.5,39.2,16042613.0
40.0,41,39.8,41.51,19316788.0
41.84,41,40.78,40.89,9905603.0
40.4,41,40.15,40.6,9738424.0
41.28,41,40.69,40.8,10814770.0
41.15,42,40.6268,41.0,12481224.0
41.39,41,40.71,41.21,9181582.0
41.22,42,41.05,42.15,8635243.0
42.17,42,41.84,42.29,7362535.0
42.36,42,41.89,42.64,7009325.0
42.4,43,42.24,43.06,7703119.0
43.11,44,42.9899,43.99,12835651.0
43.43,44,43.275,43.49,12446861.0
43.72,44,42.88,43.23,6687215.0
42.77,43,40.92,41.19,12483661.0
41.32,41,40.5001,41.24,8248801.0
41.15,41,39.915,40.25,10507272.0
40.93,41,39.92,40.24,7524947.0
39.87,40,38.64,39.08,9635911.0
39.05,39,38.79,39.18,7478790.0
39.18,39,37.72,38.83,15823720.0
38.5,39,37.84,39.2,9175087.0
38.75,38,37.42,38.63,12276284.0
38.9,40,38.82,40.19,9421801.0
39.95,40,38.08,38.13,13031992.0
38.41,39,37.76,39.31,10513746.0
39.21,40,38.7,39.74,8308146.0
40.27,42,40.25,42.42,16835519.0
42.59,43,42.55,43.84,11443308.0
42.7,43,42.52,43.41,13250274.0
44.0,44,43.23,43.8,11125778.0
44.1,44,43.5,44.46,8185398.0
43.95,44,42.86,43.71,11572941.0
43.83,44,43.62,44.45,8934601.0
44.54,45,44.45,44.79,7610771.0
44.49,45,44.09,44.31,6941202.0
44.89,46,44.36,45.99,14444639.0
46.37,46,43.81,45.67,20281404.0
45.36,46,44.99,46.47,11026228.0
46.41,46,45.65,46.46,6824082.0
46.2,46,45.23,45.86,7629738.0
45.63,46,45.21,45.86,5234359.0
45.77,46,45.71,46.22,8589743.0
46.2,46,46.2,46.47,6189311.0
47.02,47,46.08,46.5,6983205.0
46.42,46,45.15,45.63,8081357.0
45.7,45,45.03,45.6,5865538.0
45.51,45,45.05,45.34,11669625.0
45.17,45,44.56,44.65,7214613.0
44.66,45,44.0201,44.49,5935317.0
44.76,44,44.37,44.39,4416989.0
44.29,44,43.82,43.9,5951056.0
43.67,44,43.12,43.45,7486143.0
42.41,42,41.85,42.83,10201130.0
43.0,43,42.05,42.3,9596532.0
42.32,42,41.01,41.75,11071087.0
41.94,42,41.89,42.3,6545456.0
42.4,42,42.05,42.2,5655961.0
42.11,42,41.81,42.3,4166051.0
41.02,41,40.45,41.23,7577977.0
41.35,41,40.96,41.31,4276646.0
41.38,42,41.1701,41.69,3066773.0
41.75,41,40.98,41.26,6450862.0
41.47,43,41.3,43.26,8912859.0
44.09,44,43.53,43.82,8010351.0
43.65,44,42.92,43.27,7235252.0
43.82,44,43.82,44.97,9460935.0
45.35,46,45.22,45.78,8911719.0
45.1,45,44.07,44.55,9043652.0
44.3,45,43.19,43.65,8001019.0
43.79,44,43.54,44.09,7955619.0
43.28,43,42.06,42.09,10235210.0
42.26,42,41.08,41.77,10778159.0
41.97,42,41.92,42.595,7097307.0
42.99,43,42.12,43.2,7850944.0
43.33,43,42.45,42.46,7224974.0
41.61,42,40.7,41.09,17809958.0
41.35,42,41.35,42.4,6597508.0
42.56,43,42.3599,42.895,5704730.0
42.78,43,42.43,43.29,6093603.0
43.27,44,43.11,43.81,3307108.0
43.62,44,42.91,43.23,4148045.0
43.25,43,43.03,43.5,4006937.0
43.64,43,42.46,42.8,5463608.0
42.54,42,41.83,42.35,6813757.0
41.29,41,40.3,40.91,12037151.0
41.18,41,39.95,40.52,10514164.0
40.05,41,40.0,41.23,12393780.0
40.97,41,39.68,40.45,11312876.0
40.94,41,40.26,40.37,8853096.0
40.56,41,39.9,41.08,15877511.0
41.15,42,40.48,42.0,12635992.0
42.17,42,39.66,40.1,12718577.0
40.21,40,38.86,40.55,11756473.0
39.04,39,38.37,38.76,18924825.0
39.59,39,38.21,38.86,10505908.0
38.53,39,36.2,39.06,16089109.0
38.93,40,38.02,39.79,9781683.0
40.0,40,39.57,40.16,7247031.0
40.02,40,38.82,38.88,10113170.0
38.73,39,38.44,39.64,8099029.0
40.15,40,39.48,39.69,10185956.0
39.61,39,37.66,38.14,17112266.0
37.52,39,36.5982,38.99,20957476.0
39.0,39,38.63,39.38,12023520.0
38.83,38,37.0,37.03,12401401.0
37.38,37,35.755,37.51,12391194.0
37.34,38,36.701,38.21,8599627.0
37.71,38,36.53,36.75,10072744.0
36.08,36,34.76,35.55,12821858.0
34.93,36,34.91,36.19,11143254.0
36.57,37,36.5301,37.12,8114127.0
36.47,37,36.17,36.49,8096032.0
36.92,37,36.42,37.82,9412821.0
38.13,38,37.53,38.61,7147467.0
38.95,39,38.87,39.34,8432477.0
39.36,39,38.96,39.54,9605849.0
39.16,40,39.04,39.76,11052389.0
40.14,40,40.07,40.84,9997306.0
40.56,40,40.17,40.38,6432202.0
40.02,40,39.39,40.66,6103693.0
40.76,41,40.41,41.36,6936437.0
41.5,41,40.38,40.87,7467225.0
40.77,41,40.5,41.0,5791341.0
41.44,42,41.06,41.83,7885768.0
41.47,41,41.29,41.59,7913743.0
41.52,42,41.23,41.88,8812844.0
42.17,42,41.42,41.63,9474058.0
41.31,42,40.9,42.13,6961033.0
41.3,41,40.05,40.77,8418307.0
40.74,41,40.52,41.65,8546320.0
42.11,42,40.91,41.63,5814184.0
41.89,42,41.7,42.47,5701486.0
42.31,42,42.12,42.59,4567995.0
42.3,42,41.98,42.11,4445364.0
41.81,42,41.5903,42.31,4792939.0
42.31,42,41.82,42.1,5960628.0
42.31,43,41.75,43.44,13745965.0
43.32,43,43.28,43.47,4756375.0
42.0,43,41.84,42.76,6721590.0
42.8,42,41.58,41.92,9583382.0
41.88,41,40.19,40.5,12515149.0
41.0,41,40.33,40.91,6402846.0
40.9,41,40.77,41.35,6794023.0
41.75,42,41.36,41.38,6076819.0
41.5,41,40.98,41.01,8138009.0
40.13,40,39.27,39.52,11244108.0
39.81,40,39.1511,39.37,7831606.0
39.13,39,38.74,38.93,7648428.0
39.07,39,38.34,38.9,5649968.0
38.66,39,37.91,38.36,8206668.0
38.7,38,38.12,38.5,6087408.0
38.79,39,38.67,38.73,7932341.0
38.82,39,38.76,39.19,6426030.0
39.3,40,38.89,39.94,12493627.0
40.34,41,40.2496,41.17,10133381.0
41.3,41,40.72,40.91,6982204.0
41.18,41,40.435,40.92,5245673.0
40.99,41,40.9658,41.34,6650663.0
41.36,41,41.11,41.26,5018209.0
40.8,40,39.8,40.01,10782629.0
37.68,38,37.01,38.21,20939508.0
38.16,38,36.915,37.0,12670142.0
37.27,37,36.26,36.92,14692670.0
36.79,37,36.52,36.71,12305033.0
37.04,37,35.89,35.97,9836832.0
35.81,35,34.1,34.69,17807211.0
34.99,35,34.4,34.43,8829819.0
34.76,34,33.85,34.58,10674224.0
34.17,34,33.0,33.21,13412403.0
33.28,33,32.73,32.805,11606138.0
32.67,33,32.19,33.03,12749112.0
33.03,33,32.94,32.94,9312525.0
33.24,33,33.09,33.77,8124367.0
33.68,34,32.85,32.86,8148588.0
33.01,33,31.29,31.33,14228217.0
31.09,32,31.08,31.51,10132516.0
31.81,32,30.99,32.12,12397759.0
32.25,33,32.02,32.64,13303448.0
32.61,33,32.34,32.61,9136275.0
32.28,32,31.69,32.15,8875353.0
32.3,32,31.95,32.01,7277953.0
32.03,32,31.7,31.73,6498413.0
31.89,32,31.85,32.15,6962729.0
32.39,32,32.1,32.17,7403238.0
32.13,32,31.37,31.51,7222797.0
31.6,31,31.4137,31.65,8573689.0
31.75,31,31.33,31.91,9618738.0
31.94,32,31.73,31.95,6416243.0
31.67,32,31.5799,31.67,6813295.0
31.59,31,30.37,30.81,12424133.0
30.77,31,30.38,31.26,8335439.0
31.46,32,31.1,32.36,12424206.0
32.63,32,32.22,32.51,8173130.0
32.25,33,32.25,33.4,8188322.0
32.8,33,32.64,33.14,8252308.0
32.99,32,31.64,31.8,9225556.0
31.81,31,30.02,30.36,13802855.0
30.65,31,30.45,30.49,8152256.0
29.8,29,29.02,29.14,18236714.0
29.1,29,28.85,29.34,15301910.0
29.75,30,29.64,29.71,8359297.0
30.29,30,29.69,30.02,8922946.0
30.05,30,29.82,29.89,6675906.0
30.25,30,29.77,30.33,9139949.0
28.2,28,27.04,27.05,36049898.0
26.85,26,24.85,25.27,23200027.0
26.12,26,25.76,26.77,20026097.0
26.94,28,26.94,27.7,15008769.0
27.86,28,27.49,28.31,11148266.0
28.26,29,28.2,29.33,13249962.0
29.09,29,28.19,28.93,9467046.0
27.76,28,27.12,28.35,18757538.0
28.39,29,28.31,29.4,11779807.0
29.8,30,29.7,30.04,13659253.0
30.23,31,30.22,31.16,12374382.0
32.78,34,32.75,34.66,25515686.0
35.0,35,34.115,34.45,15215087.0
35.11,36,35.0,35.88,16884414.0
35.51,36,35.32,35.89,9817118.0
36.03,36,35.76,36.03,8606791.0
35.78,36,35.33,36.01,7956271.0
36.07,36,35.39,35.92,13098351.0
35.1,35,34.44,34.96,16429851.0
36.45,36,35.6,36.36,14704699.0
36.35,36,35.52,35.8,9526661.0
35.91,36,35.65,36.55,8871189.0
36.5,36,35.9,36.2,6671186.0
36.07,36,35.75,36.34,6519640.0
36.26,36,35.5,35.5,9138561.0
35.54,35,35.1,35.6,7058968.0
35.39,35,33.38,33.51,12100443.0
33.47,33,33.17,33.48,8254209.0
33.57,33,33.0,33.58,6384697.0
33.71,34,33.68,34.44,16437181.0
34.22,34,34.12,34.35,7142394.0
35.21,35,34.54,34.59,7307238.0
34.59,34,33.74,34.18,5878383.0
34.25,35,34.24,34.96,7666723.0
34.74,35,34.66,34.92,6064005.0
34.96,36,34.9,35.87,7137204.0
35.67,36,35.63,36.75,9384959.0
36.68,36,36.19,36.6,8002043.0
36.43,36,36.05,36.67,5293057.0
36.44,36,36.101,36.49,6675287.0
36.33,36,35.86,36.0,5189371.0
36.32,36,36.18,36.4,5402244.0
36.27,36,36.19,36.65,5946506.0
36.34,36,36.32,36.72,5446011.0
36.68,36,36.02,36.23,6257687.0
36.13,36,36.05,36.17,4760672.0
35.45,37,35.35,37.05,14509340.0
36.97,36,35.63,36.3,13111735.0
36.53,36,35.88,36.24,6940639.0
36.0,36,36.0,36.53,5429115.0
36.45,36,36.36,36.96,5501735.0
37.5,39,37.42,38.75,13774999.0
38.68,39,38.43,39.35,7101532.0
39.0,39,38.17,38.49,8623597.0
37.22,38,36.62,38.34,11959828.0
38.12,38,37.22,37.37,9330297.0
37.0,37,36.25,36.39,8092808.0
36.31,36,35.85,36.41,7805325.0
36.26,36,35.47,35.49,10724815.0
35.66,36,35.35,35.44,5422349.0
35.75,35,35.13,35.15,6666508.0
35.0,35,33.9,34.67,10408214.0
34.96,36,34.85,35.25,7438727.0
35.3,35,34.96,35.55,4603182.0
35.19,35,34.86,34.93,7353514.0
34.98,36,34.9,36.0,5068871.0
36.1,36,35.775,35.84,6291604.0
35.65,36,35.6,35.82,6183332.0
35.98,36,35.8601,36.61,7429336.0
36.46,37,36.33,37.7,8878923.0
38.39,38,37.55,37.63,9065626.0
37.82,38,37.31,37.87,4713128.0
37.83,38,37.57,38.17,5160788.0
38.25,38,37.4,37.73,5133308.0
37.95,38,37.47,38.89,6939866.0
39.99,39,38.06,38.2,10034719.0
38.12,38,37.36,37.38,7410000.0
36.95,39,36.801,39.24,14773296.0
39.45,39,38.585,38.65,8871203.0
38.66,39,38.37,38.58,5602040.0
38.84,39,38.84,39.35,10538152.0
39.48,40,39.4,40.63,12764197.0
40.93,40,39.4148,40.59,14695860.0
39.97,40,39.65,39.9,9981485.0
40.25,40,39.77,39.83,6466782.0
39.66,40,39.36,39.69,6020181.0
38.57,40,38.21,39.32,10112314.0
39.45,40,39.26,39.91,6542122.0
39.85,40,39.8,40.06,6710739.0
40.31,40,40.08,40.6,5961076.0
40.51,40,39.565,39.8,9028663.0
39.72,40,39.62,39.71,5274455.0
39.78,40,39.3,39.38,6006541.0
39.27,40,39.24,39.74,6717513.0
40.39,41,40.31,41.49,8334221.0
41.42,41,41.02,41.7,5725832.0
40.76,42,40.44,42.41,8392383.0
42.71,43,42.15,42.3,8666121.0
42.07,42,41.68,42.93,6623490.0
43.01,43,42.98,43.4,7773627.0
45.0,45,43.59,44.76,13166625.0
44.66,44,43.93,44.45,6166966.0
44.39,45,44.05,45.83,8558682.0
46.15,46,45.62,46.26,7795053.0
46.46,46,45.95,46.08,6651810.0
46.03,46,45.95,46.08,5781259.0
46.05,46,45.7,46.34,5160176.0
46.34,46,46.3,46.82,2426632.0
46.64,46,45.66,46.5,7369639.0
46.59,47,46.17,46.89,4885442.0
46.14,46,45.42,46.44,7904220.0
46.2,47,45.66,45.75,7435186.0
46.09,46,45.91,46.1,6505099.0
46.45,46,45.58,45.72,5256443.0
46.16,46,45.92,46.43,5334516.0
46.61,48,46.52,48.65,10210334.0
48.6,48,47.7,48.05,6239952.0
49.27,50,48.74,49.64,9850774.0
49.16,49,47.44,47.59,8643546.0
47.94,48,47.71,47.84,6147695.0
47.84,48,47.805,47.92,5293889.0
48.1,49,48.1,48.3,7530837.0
48.61,49,47.56,47.63,9299673.0
47.89,48,47.74,48.58,4729855.0
48.5,49,48.5,49.22,4814999.0
49.34,49,49.23,49.47,3827868.0
49.35,49,48.46,48.69,3618731.0
48.61,48,48.285,48.48,2915271.0
48.29,48,48.14,48.61,2797847.0
48.73,48,47.61,47.67,4153630.0
47.8,48,46.96,47.25,3709262.0
47.42,47,46.47,46.69,4495016.0
47.28,47,46.135,46.3,6737752.0
46.63,47,46.35,46.7,5859604.0
46.52,46,45.61,45.89,6825316.0
45.85,46,45.47,46.21,7260197.0
46.01,47,45.78,47.08,4739142.0
47.0,48,46.97,48.48,7483764.0
49.29,49,48.1,48.64,6925770.0
48.67,49,46.84,48.1,5448098.0
48.16,48,47.54,47.65,3541980.0
47.56,47,46.67,46.75,5350794.0
47.3938,47,46.65,47.64,5176524.0
47.64,48,46.88,47.26,3729315.0
47.54,48,47.24,48.0,5611793.0
47.9,48,46.75,46.94,4284196.0
47.05,47,46.8,47.54,4926677.0
47.9,48,47.61,47.91,5139002.0
48.43,49,48.33,49.59,10332849.0
50.0,50,46.72,46.95,19411050.0
45.62,45,43.86,44.9,16786050.0
44.79,44,43.742,44.25,11719842.0
44.75,45,43.91,44.05,7955513.0
43.61,44,43.57,44.01,7607665.0
44.31,44,43.7627,44.2,6357916.0
44.8,45,44.74,45.3,6496054.0
45.75,46,45.01,45.17,6119960.0
45.26,45,44.51,45.06,4330414.0
45.07,46,44.94,46.3,7089902.0
46.62,46,46.17,46.45,4040567.0
46.56,47,46.5,47.41,6158580.0
47.26,47,46.45,46.57,6271654.0
47.59,48,46.93,47.54,8394814.0
47.5,47,46.66,46.97,5681810.0
46.83,47,46.43,46.91,4581604.0
47.01,47,46.5833,46.81,4672031.0
46.5,46,45.87,46.32,5799646.0
46.42,47,45.89,46.1,5246985.0
46.0,46,45.58,46.28,4489590.0
46.18,46,45.68,46.32,4130975.0
46.32,46,46.03,46.36,4935590.0
46.79,48,46.7,47.09,8278935.0
46.67,46,45.64,45.72,7590676.0
45.85,47,45.77,46.82,7259147.0
46.41,46,44.38,45.31,11336565.0
45.02,45,44.56,44.84,4565315.0
44.79,45,44.597,44.89,5521109.0
44.5,44,43.25,43.33,9330139.0
43.46,43,42.97,43.9,6842316.0
43.73,44,42.26,42.37,8882287.0
42.06,42,40.84,41.21,10208460.0
40.5,42,40.2099,42.09,13986198.0
42.18,42,41.45,42.13,7058267.0
42.0,42,41.6,41.72,10185798.0
42.18,42,41.45,41.7,6229799.0
41.88,41,40.34,40.42,7938673.0
39.78,40,39.21,40.35,9943032.0
40.7,41,40.48,41.41,9516585.0
41.69,42,41.42,41.73,6596629.0
41.07,41,40.56,41.74,6050846.0
41.83,42,41.55,42.6,6185811.0
42.69,42,41.87,41.96,5331362.0
41.85,42,41.79,42.54,3681356.0
42.37,42,42.2745,42.3,5427748.0
42.33,42,41.625,42.45,5764716.0
42.09,42,40.82,40.9,7254678.0
41.15,42,41.06,41.31,7012673.0
41.4,41,41.16,41.72,3627608.0
41.53,42,41.28,41.81,4136988.0
41.81,42,41.62,42.32,4650522.0
42.78,43,42.412,43.93,10269604.0
44.79,45,43.83,43.96,9991117.0
43.95,44,43.335,43.35,5504930.0
43.47,44,43.36,44.23,4563213.0
44.03,44,43.4,43.81,5809175.0
44.07,44,43.9,44.4,6573440.0
44.71,45,44.56,45.22,4956478.0
45.5,45,44.985,45.15,5535986.0
45.5,46,45.47,46.44,6335303.0
46.8,47,46.38,46.61,5960573.0
46.51,46,46.24,46.4,6027630.0
43.91,44,42.41,43.98,18988577.0
44.02,44,42.56,42.62,13357971.0
42.76,42,42.01,42.08,8591384.0
42.06,43,42.05,43.87,9402465.0
43.67,44,43.42,43.92,5144318.0
44.18,44,43.195,43.91,4476053.0
44.0,44,43.77,44.51,5462793.0
44.6,45,44.515,44.94,6190660.0
45.4,47,45.25,47.08,11116806.0
47.03,47,46.67,47.3,7379826.0
47.21,47,45.65,46.54,6086339.0
46.26,46,45.73,45.83,3888691.0
45.7,46,45.69,46.68,5534522.0
46.79,47,44.74,46.94,4627800.0
46.25,46,44.88,44.92,6906735.0
44.4,45,44.38,44.65,6626694.0
44.8,45,44.74,45.22,6736688.0
45.33,46,45.33,46.21,4428568.0
46.27,46,45.94,46.66,3008501.0
46.74,47,46.65,46.77,3890095.0
46.99,48,46.82,48.02,5441804.0
47.79,48,47.7294,48.74,5979329.0
48.32,48,47.79,47.96,5512854.0
48.2,48,47.53,48.41,4486131.0
48.5,49,48.3,49.05,4421404.0
49.56,50,49.37,49.52,7708567.0
49.53,49,49.4,49.74,5466685.0
49.47,50,49.32,49.74,4473456.0
49.44,50,48.8,50.86,7078405.0
50.86,51,50.41,51.43,6544348.0
51.61,51,50.25,50.27,7204319.0
50.1,50,48.1,49.48,8597891.0
49.56,49,48.84,49.45,5153327.0
49.64,49,48.89,49.39,4027798.0
49.14,49,48.37,49.11,4579626.0
48.9,49,48.62,48.79,6622111.0
49.13,49,48.815,49.66,4104267.0
49.22,49,48.01,48.03,6035053.0
48.33,48,48.13,48.43,3469517.0
50.5,50,48.79,48.97,9792147.0
49.0,49,48.47,48.63,12682001.0
48.81,49,48.535,48.78,3992866.0
48.6,49,48.5,48.5,4264403.0
48.82,49,48.81,49.25,4259721.0
49.28,49,48.82,49.62,6170117.0
49.92,50,49.6,50.32,6618701.0
50.78,51,50.37,50.39,2906524.0
50.44,51,50.18,51.26,5157516.0
50.97,52,50.86,52.05,7021422.0
52.3,53,52.18,53.03,6596952.0
52.98,53,52.23,52.66,4600014.0
52.58,52,51.47,51.61,4545699.0
53.12,53,52.45,53.8,8348363.0
53.4,54,53.15,53.81,5346686.0
53.8,54,53.34,54.22,4537895.0
54.21,54,53.85,53.87,3727804.0
53.83,53,53.02,53.15,4101431.0
52.26,53,51.78,52.61,5774713.0
52.72,52,52.1,52.34,4836234.0
52.13,52,51.45,51.91,4544423.0
51.79,52,51.24,51.28,4876393.0
51.5,51,50.545,50.61,4484890.0
50.63,51,50.01,51.01,4776112.0
50.34,50,48.75,50.0,10260337.0
49.02,50,48.73,50.49,9153445.0
50.85,51,50.035,50.44,6062854.0
51.13,52,50.3236,51.06,5045298.0
50.89,51,49.9,50.45,4679746.0
50.56,51,50.36,50.55,3231366.0
50.67,50,50.3852,50.8,2993515.0
50.82,51,50.46,50.58,3016726.0
50.68,50,49.89,50.0,4274416.0
49.74,49,49.23,49.4,5020809.0
49.03,49,48.19,48.55,5441375.0
48.5,48,47.44,48.35,5610688.0
48.86,49,48.5,48.81,2996459.0
48.76,49,48.35,48.52,3149638.0
48.64,48,48.27,48.41,4187330.0
48.25,48,45.795,46.03,10304207.0
46.3,46,45.44,45.55,6242763.0
45.73,46,45.41,45.71,4353949.0
45.85,45,45.325,45.41,4019715.0
45.17,45,43.52,43.97,8159201.0
44.13,44,42.67,42.92,7057477.0
43.09,45,43.01,45.25,11738415.0
45.23,45,44.78,44.95,6969256.0
44.53,44,44.38,44.56,5195211.0
44.54,44,43.89,44.32,5472629.0
44.54,44,44.43,44.74,3799621.0
44.85,45,44.65,45.31,4569439.0
44.79,45,43.84,43.92,8512885.0
43.09,44,42.6066,44.31,8796667.0
44.19,44,43.5347,43.84,5095010.0
43.81,44,43.49,43.6,4684643.0
44.01,46,44.0,45.86,7921608.0
45.9,46,45.63,46.29,6325114.0
46.35,47,46.1,47.0,7288178.0
46.79,46,46.12,46.19,5360496.0
45.3,46,45.19,46.0,14846236.0
46.02,46,45.27,45.31,4601233.0
45.28,45,44.03,44.38,6884589.0
44.92,45,44.46,45.42,4708125.0
45.47,46,44.99,46.29,5864367.0
46.57,47,46.35,47.06,5342021.0
46.98,47,46.89,47.7,6363180.0
47.84,48,47.23,47.58,4706004.0
47.58,48,46.6301,46.85,6183158.0
46.78,48,46.78,47.49,8367839.0
47.49,47,47.23,47.49,4904347.0
47.52,47,47.22,47.73,4911650.0
47.66,50,47.63,50.51,10261794.0
50.5,51,50.49,50.73,7454460.0
50.85,50,50.26,50.56,4212310.0
50.7,51,50.65,51.3,4240506.0
51.23,51,50.4,50.6,3691522.0
52.0,53,51.98,53.03,9387125.0
53.1,53,52.33,52.83,5396763.0
52.72,52,52.34,52.65,2943045.0
52.67,52,52.2588,52.7,2960327.0
52.52,52,51.93,52.27,3262297.0
52.72,52,51.87,52.07,3651202.0
52.11,52,51.86,52.03,2542361.0
51.57,51,49.6332,51.51,7568214.0
51.56,52,51.53,51.93,3643376.0
51.92,51,50.87,50.98,3456500.0
51.02,52,50.5501,51.95,3654904.0
51.78,51,50.61,51.02,4658297.0
52.0,53,48.32,48.61,12079047.0
48.41,48,47.33,47.56,8591454.0
47.65,47,46.83,47.25,5402530.0
47.22,47,46.79,46.82,4596604.0
48.0,48,47.37,47.84,4354521.0
47.79,47,47.09,47.36,2410660.0
47.36,47,46.8,47.45,4037183.0
47.46,48,47.28,47.51,4249493.0
47.51,47,46.4,46.46,3756424.0
46.42,46,45.84,46.37,3198779.0
45.85,46,45.36,45.77,3559185.0
45.64,46,45.56,45.82,2433022.0
45.63,45,45.33,45.74,1772439.0
45.3,45,45.27,45.81,1827200.0
45.71,47,45.45,47.19,5223111.0
47.26,48,47.24,47.68,4462040.0
47.6,47,47.1883,47.39,2324811.0
47.33,47,47.12,47.69,2436018.0
47.89,48,47.54,48.65,2796204.0
48.58,48,48.27,48.66,2326894.0
48.66,48,48.35,48.56,1352400.0
48.61,48,48.3,48.42,2630803.0
48.44,49,48.2,49.22,3864117.0
49.38,51,48.66,49.25,8154242.0
49.76,51,49.3,50.49,6016175.0
49.67,50,48.69,49.0,6229631.0
50.1,51,49.65,49.93,7113822.0
49.85,50,49.2099,49.47,3594043.0
49.39,49,49.19,49.61,2835542.0
49.53,50,49.3,50.88,3046954.0
51.23,51,50.93,51.02,3817896.0
50.78,51,50.76,51.3,2835633.0
51.27,51,50.38,50.47,2798179.0
50.58,50,49.85,50.09,3035241.0
50.59,51,50.075,50.21,4503105.0
50.67,51,50.4,51.06,9074165.0
51.25,51,51.25,51.49,3236066.0
51.6,51,51.28,51.44,3019807.0
51.57,52,51.17,51.92,5172839.0
52.16,53,52.07,52.79,7125891.0
52.72,52,52.42,52.59,2425104.0
52.35,53,52.33,52.85,2774316.0
52.8,52,52.06,52.4,2831434.0
52.45,52,52.22,52.46,1845331.0
52.42,52,52.01,52.03,2697096.0
52.33,53,51.9,52.99,4084712.0
52.86,52,52.055,52.34,5074850.0
52.48,54,52.265,52.67,3557059.0
52.78,52,52.43,52.65,2967756.0
52.6,52,51.93,52.13,3515785.0
52.97,53,52.005,52.08,3426021.0
53.23,54,52.88,53.78,7655771.0
54.49,57,54.18,56.42,11339858.0
56.56,58,56.56,58.47,7505761.0
58.79,59,57.53,57.98,5283872.0
58.31,58,57.8,58.16,3148934.0
58.0,58,57.56,58.34,3969309.0
58.59,58,57.76,58.06,3151201.0
57.99,58,57.5305,58.1,3553916.0
57.74,58,57.4,58.29,3336991.0
54.35,55,53.45,54.79,16348479.0
54.0,54,52.21,53.05,10223096.0
53.65,53,52.34,53.07,7066094.0
52.79,53,52.585,52.68,5953675.0
52.45,53,52.36,52.59,4741808.0
53.08,54,53.0,54.32,5962937.0
54.0,54,53.59,53.88,3623078.0
53.49,53,52.03,52.1,5109361.0
51.99,52,49.75,49.76,6878284.0
49.32,51,48.79,51.18,6782480.0
50.91,51,50.89,51.4,4845831.0
67.7142,68,66.8928,67.8542,158168416.0
68.0714,69,67.6071,68.5614,129029425.0
68.5014,68,66.8205,66.8428,151829363.0
66.7442,67,66.1742,66.7156,118721995.0
66.3599,67,66.2885,66.6556,88809154.0
66.9785,67,65.7028,65.7371,97924631.0
65.8714,66,64.8356,65.7128,108854046.0
65.3842,65,64.1142,64.1214,118891367.0
63.7142,64,63.2599,63.7228,111596821.0
64.1785,64,63.7999,64.4014,82583823.0
64.8356,65,63.2242,63.2571,92899597.0
63.4028,64,62.5228,64.1385,125096657.0
64.0614,64,62.9499,63.5099,146674682.0
63.4357,63,63.0571,63.0571,80532382.0
62.5714,62,61.4257,61.4957,137899041.0
61.1142,61,59.8571,60.0071,145406366.0
60.2114,62,60.1071,61.5919,159298020.0
62.0728,62,60.6328,60.8088,114903180.0
60.6428,61,60.1514,61.5117,116992841.0
61.3999,62,61.2299,61.6742,97854442.0
61.3928,62,60.7342,62.5528,118272126.0
62.2285,62,61.0814,61.2042,116268341.0
61.2071,62,60.7657,61.1928,101369051.0
61.8328,62,61.4928,61.7857,75834906.0
62.5614,63,62.4642,63.3799,160710606.0
63.0642,65,63.0285,65.1028,150441144.0
65.6428,65,64.0714,64.9271,131531708.0
65.3456,65,64.2271,64.5828,77016849.0
64.3171,65,64.2999,64.6756,95493524.0
64.9399,66,64.7299,65.9871,98570591.0
66.3842,67,65.9685,66.2256,125073165.0
66.4914,66,65.7899,65.8765,73428208.0
65.2085,65,64.3899,64.5828,81854409.0
64.2599,64,63.0885,63.2371,110698007.0
63.1285,63,61.1057,61.2728,97294421.0
61.0857,62,60.9142,61.3988,132350022.0
61.6242,62,61.4728,61.7128,90719482.0
61.9657,62,60.7499,61.1028,89589332.0
60.6428,60,59.9542,60.4571,95743088.0
60.6928,61,60.3557,60.8871,75169647.0
60.9085,61,60.3928,60.9971,76615504.0
61.1571,62,60.8585,62.2414,93895844.0
61.9599,62,61.5999,62.0471,82073628.0
62.0214,62,61.2985,61.3999,59651011.0
60.9999,61,59.9357,59.9785,79157071.0
60.2242,60,60.0814,60.8914,76222076.0
60.0385,60,56.8728,57.5428,236138966.0
57.8557,57,55.6774,56.0071,166438048.0
55.4242,57,55.0142,55.7899,152194413.0
56.0914,57,55.8964,56.9528,107338322.0
57.7128,58,56.9728,58.0185,160760747.0
56.2199,59,56.0714,57.9231,242387530.0
58.7464,59,58.1428,58.3399,95984896.0
58.5442,59,58.3214,59.6007,191006032.0
60.0642,61,59.9999,61.4457,159958876.0
62.1571,63,61.7242,63.2542,172737600.0
63.4942,63,62.0557,62.7557,126720237.0
63.1114,64,62.9471,63.6457,105449078.0
64.4728,64,64.1642,64.2828,90319201.0
65.1014,66,64.9014,65.8156,124017747.0
66.4242,66,64.8142,65.5225,120499960.0
65.5771,66,65.1156,66.2628,118010781.0
65.6871,66,65.0828,65.2528,99555337.0
65.4242,65,64.3542,64.7099,83631828.0
64.5014,65,64.4999,64.9628,79220953.0
64.8356,65,63.1642,63.4085,111647130.0
62.7371,62,60.3371,61.2642,185278968.0
60.4628,62,59.8428,62.0825,150794546.0
62.7214,62,61.5728,61.8942,106973181.0
61.7014,63,61.4428,63.2757,112681030.0
62.5928,63,62.0285,62.8085,113921367.0
63.4357,64,62.6028,63.0505,110727309.0
62.2785,63,62.2557,63.1628,88244695.0
62.9785,63,62.9085,63.5928,69036716.0
64.2714,64,62.9785,63.0627,96404189.0
62.8571,63,62.7714,63.5642,82641944.0
63.6642,64,63.5014,64.5114,88379522.0
64.6428,65,64.2142,64.2478,95832240.0
64.3899,64,63.2114,64.3885,92926932.0
64.7456,64,63.9128,64.1871,72860221.0
63.6642,64,63.3871,63.5871,72545760.0
63.6385,63,62.0071,62.6371,104230322.0
62.3571,63,61.8242,63.1158,101120551.0
63.5328,64,62.3999,62.6985,112522179.0
62.2485,63,61.9028,62.5142,71526560.0
62.7857,63,61.6428,61.7414,66295887.0
61.7857,62,61.2499,62.2807,71456693.0
62.1999,62,61.2142,61.4357,67962419.0
61.6342,62,61.4802,61.7142,64818670.0
61.6514,62,61.4585,61.6814,48753768.0
61.6285,61,60.4285,60.4285,77715057.0
59.8999,60,59.3099,59.5482,89327210.0
59.7842,59,58.3,59.0714,120286768.0
58.1999,58,56.8642,57.5057,120104964.0
57.9571,58,56.9757,57.5185,78534687.0
57.6999,57,56.5228,56.8671,91924994.0
57.0357,57,56.2199,56.2542,84297955.0
55.9085,57,55.5528,56.6471,144619734.0
57.5271,58,57.3171,58.4599,97743408.0
58.5657,60,58.4957,59.7842,117442150.0
60.1228,60,59.6357,60.1142,60232158.0
60.0557,60,59.3357,59.6314,68505794.0
60.0157,60,58.6642,59.2928,74521398.0
59.0857,60,58.6257,60.3357,88142026.0
59.9428,60,59.7499,60.1042,70107226.0
60.4214,61,60.1671,61.0411,81571665.0
61.0928,61,60.4871,60.9299,69882694.0
60.7157,61,60.6857,61.0628,60478033.0
60.9314,61,60.5957,61.4564,54033805.0
61.3857,61,61.1742,61.4728,49743169.0
61.9114,62,61.5157,61.6797,54696012.0
61.8714,61,60.6214,60.7071,67174828.0
61.3514,61,60.7811,60.9014,51946202.0
60.8571,60,59.8157,59.8557,91062300.0
62.7042,63,62.1799,62.9299,147978789.0
62.9571,63,62.2585,62.6428,57371671.0
62.1857,63,62.0485,62.9985,50031170.0
62.9714,64,62.8857,63.9699,62021344.0
64.2799,65,64.1757,64.7599,77257432.0
64.9985,65,64.2042,64.6471,80637830.0
65.1075,65,64.7514,65.2394,51461179.0
65.4299,66,65.2371,66.0771,68467077.0
66.3842,67,66.0214,67.0642,79589930.0
66.8599,67,66.0242,66.4642,83715443.0
66.2571,66,65.9671,66.4256,74663176.0
66.2649,66,65.4214,65.8585,63946841.0
65.5199,65,64.8071,64.9214,66772986.0
65.2656,66,65.2328,66.7656,91008477.0
67.2771,70,66.8642,69.9385,219634975.0
71.1256,72,70.4856,71.2142,188602792.0
70.9171,71,69.869,71.1299,122441893.0
71.4499,71,71.2656,71.7614,90461889.0
72.0485,73,71.9999,72.5342,127478547.0
72.8156,72,71.5456,71.5814,89531771.0
71.9414,72,71.5999,71.7656,83809726.0
72.1399,72,71.1714,71.8514,60877852.0
71.8956,71,71.3356,71.5742,55587686.0
71.5356,72,71.4999,71.8528,82398085.0
71.1428,71,69.4714,69.7985,105930335.0
69.4285,70,69.4285,70.1279,76793066.0
70.2356,70,70.1614,70.2428,59807748.0
70.2856,70,69.4999,69.6022,68078395.0
70.4428,71,69.6214,69.7971,83000148.0
71.3656,71,70.8971,71.2415,86049453.0
71.4642,71,70.5199,70.7528,58913211.0
71.2056,71,69.9928,71.1742,89551595.0
72.1428,72,71.9256,72.3099,84887432.0
72.3142,72,69.9285,70.6628,185494435.0
66.7157,67,66.4014,66.8156,224250866.0
66.9285,67,66.5728,67.5271,100874816.0
67.0485,67,66.3856,66.4142,74578903.0
65.8571,65,63.8885,64.3028,136823442.0
63.9942,65,63.9285,65.0456,99756489.0
66.1685,66,65.8085,66.3828,113743049.0
67.2428,67,67.0356,67.4714,100918377.0
68.2856,68,66.5714,66.7728,174570949.0
70.8714,70,68.9428,70.0914,190021706.0
70.6971,70,69.6885,69.8714,90602953.0
69.8856,69,68.7757,68.7899,79110192.0
69.4285,69,69.1285,69.4599,59086559.0
69.1114,69,68.6742,68.9642,56816676.0
68.1785,68,67.7729,68.1071,64852879.0
68.3499,69,68.3401,69.7085,88255013.0
69.3756,70,69.1071,69.9371,71849680.0
70.0728,70,68.6769,69.0585,80629248.0
69.1228,69,68.3714,69.0042,64673329.0
69.5085,70,69.3356,69.6785,77919884.0
69.9914,70,68.6485,68.7056,72418815.0
69.2342,69,68.3256,69.5125,75311488.0
70.1885,70,69.5771,69.9482,69650490.0
69.5699,70,69.3085,70.4016,66934938.0
69.9756,71,69.9071,70.8628,65474542.0
71.0721,71,70.7885,71.2399,80018603.0
71.5414,71,71.3185,71.5876,62775013.0
71.4256,72,71.3828,72.0714,63398335.0
72.2842,72,72.2442,72.6985,72635570.0
73.1099,74,73.0742,74.4802,99526945.0
75.2006,75,72.5756,74.2667,133515753.0
74.1428,75,74.1428,74.9942,78431122.0
74.9999,76,74.6356,75.9871,96191095.0
75.9021,76,75.0156,75.1368,84448133.0
75.5771,75,74.7442,75.6965,137610123.0
76.6099,77,73.5056,73.8111,158952115.0
74.2299,75,73.8599,74.9851,88540697.0
74.9999,75,74.4671,74.6716,68923785.0
74.8599,74,73.6914,74.2899,68722304.0
74.4428,75,74.1156,75.2499,61157033.0
74.9399,75,74.7142,75.0641,66368071.0
74.8785,74,74.0285,74.4171,55844152.0
74.2256,74,73.1971,73.2131,65655100.0
73.5114,74,73.2271,74.3656,69829543.0
74.2842,74,73.4871,74.1496,56863303.0
73.9528,74,73.8571,74.2871,51114651.0
73.9999,74,73.8514,74.3762,49304927.0
74.6871,75,74.5528,75.4514,70605087.0
75.2256,75,74.9271,74.9986,79479764.0
74.9985,75,74.0285,74.0898,61236224.0
74.1471,74,73.9956,74.2214,52234707.0
74.1756,74,73.4756,73.5714,48545798.0
73.9428,74,73.3814,74.4479,65506861.0
74.2171,74,74.0756,74.2571,55931232.0
74.4314,75,74.4285,74.8199,57348403.0
74.8742,76,74.8571,76.1999,100345728.0
76.6156,77,76.1999,77.9942,90861841.0
78.4971,79,78.2585,79.4385,79532215.0
79.7142,80,78.6885,78.7471,118135885.0
79.7571,80,79.6685,80.9031,112741734.0
80.7856,81,80.1171,80.7142,94452666.0
81.8071,82,80.9156,81.1286,111895315.0
80.8271,80,79.9385,80.0028,86088352.0
80.1285,81,80.1285,80.9185,80123533.0
80.5113,81,80.1713,80.7928,69567610.0
80.9999,81,79.9556,80.1942,89929693.0
80.3058,80,80.0042,80.0771,65572318.0
80.4071,80,79.0956,79.2042,83205283.0
79.2885,80,79.2871,79.6428,70648452.0
79.4013,79,79.0535,79.2842,57475649.0
78.5285,78,76.9714,78.6813,141465807.0
78.4999,78,77.6757,77.7799,80239369.0
77.9185,78,77.831,78.4314,109103435.0
81.1428,81,80.3942,81.4413,125326831.0
81.4128,81,80.8613,81.0956,41888735.0
81.1571,81,80.4822,80.5571,51002035.0
80.5456,80,79.9285,80.0128,56471317.0
79.6371,80,78.9029,79.2171,63407722.0
79.1671,80,79.1428,80.1456,55819372.0
79.3828,79,78.8601,79.0185,58791957.0
78.9799,79,77.2042,77.2828,98303870.0
76.7785,78,76.2285,77.7042,103359151.0
77.7599,77,76.8464,77.1481,79432766.0
76.9728,77,76.9556,77.6371,64686685.0
78.1142,78,76.4785,76.6455,69905199.0
77.1185,77,75.8728,76.1342,76320664.0
75.7014,77,75.6971,76.5328,94860843.0
76.8885,78,76.8085,78.0556,83734371.0
79.0742,80,78.8085,79.6228,98472619.0
79.2713,79,78.8113,79.1785,57471330.0
78.7828,78,77.1285,77.2385,108426689.0
77.2842,78,77.2028,78.4385,82255544.0
78.702,79,78.2585,78.7871,95219334.0
78.5628,79,77.8294,79.4542,100978346.0
79.1428,79,77.8214,78.0099,108384437.0
78.5813,79,77.9642,78.6428,144219152.0
72.6799,73,71.7242,72.3571,266833581.0
71.9928,72,71.2314,71.5356,125942796.0
71.7914,72,70.9571,71.3974,169762789.0
70.7399,71,70.5071,71.5142,116336444.0
71.8014,72,71.3285,71.6471,100620772.0
72.2642,72,71.8228,72.6842,94273543.0
72.3656,73,72.3216,73.2271,82322156.0
72.8656,73,72.5442,73.2156,64497223.0
74.4828,74,73.9114,74.2399,93638601.0
74.0942,75,73.9999,75.5699,86451022.0
75.8014,76,75.6428,76.5656,70672252.0
76.7071,77,76.1771,76.5599,77127064.0
76.3799,77,76.3142,77.7756,76960156.0
77.4956,77,77.3156,77.7128,68468036.0
77.9999,78,77.9442,77.9985,65306248.0
77.8214,78,76.3356,76.7671,78554420.0
76.1414,76,75.5714,75.8785,76529103.0
76.1132,76,74.9428,75.0356,69757247.0
74.7356,75,74.6314,75.3642,72364950.0
75.6256,75,74.4285,74.5799,58247350.0
74.8014,74,73.6571,73.9071,69131286.0
73.8771,75,73.7214,75.3814,75557321.0
75.5828,76,74.5885,75.1771,93074653.0
74.7742,75,74.6871,75.3942,59667923.0
75.8571,76,75.3956,75.8914,64884834.0
75.8456,76,75.5899,76.0514,50065519.0
76.1128,76,75.4428,75.8214,46423111.0
75.8699,75,75.1499,75.7771,55415241.0
75.4799,76,75.4769,75.8456,44691430.0
76.4928,76,76.0842,76.5842,70198849.0
76.3585,76,75.9999,76.6585,50195460.0
76.7771,77,75.5942,75.8071,64435609.0
75.5414,75,74.7142,74.9556,59299492.0
75.3856,75,75.1214,75.2485,49886074.0
75.1285,75,75.0285,75.9142,52411863.0
76.0371,76,75.5714,75.8942,56188958.0
75.6985,76,75.3356,75.5285,52099537.0
75.9899,76,75.1899,76.1242,93612169.0
76.9171,77,76.4371,77.0271,88924871.0
77.3571,77,77.0842,77.8556,70573356.0
78.0742,78,76.9799,77.1114,74942224.0
77.1449,77,76.4457,76.7799,55507676.0
76.9028,76,76.3214,76.6942,50141063.0
77.0328,77,76.5614,76.6771,42167188.0
76.8228,77,76.6814,77.3785,50189685.0
77.4828,77,77.1799,77.5071,44792195.0
77.3414,77,76.8056,76.9699,40648111.0
77.1156,77,75.7971,75.9742,68812485.0
75.4314,75,74.5556,74.7814,72462530.0
75.0271,75,74.0999,74.7771,60971883.0
74.6628,75,74.5742,75.7599,51542722.0
75.8114,76,74.7385,74.7828,59912818.0
74.1428,74,73.8771,74.2299,67975012.0
74.5571,74,73.8871,74.5256,51445177.0
74.3242,74,73.0471,73.9942,66622577.0
74.0071,74,73.4478,74.1442,53732994.0
74.2856,75,74.1714,74.9914,71106721.0
75.0485,76,74.8514,75.8814,45668931.0
75.4728,75,75.2144,75.9569,50664453.0
75.5799,75,74.9214,74.9642,98735259.0
81.1728,81,80.1042,81.1099,189978082.0
80.6471,81,80.5656,81.7056,97568814.0
81.8285,85,81.7928,84.8699,167371680.0
84.8199,85,84.2156,84.6185,84344673.0
84.6628,85,84.2571,84.2985,114220883.0
84.5713,84,83.7656,84.4971,61052418.0
84.6199,84,84.2442,84.6542,47878572.0
84.3056,85,84.2856,85.8513,71766758.0
85.9713,86,84.9156,84.9156,93641373.0
85.0356,85,83.9613,84.6185,70715988.0
84.0356,84,83.7713,83.9985,57574363.0
83.5056,83,82.9042,83.6488,72899498.0
83.9271,84,83.9142,84.6899,53324677.0
84.5713,84,84.3856,84.8228,39934594.0
84.6328,85,84.5342,84.8385,41600846.0
84.9571,85,84.0056,84.1171,57711731.0
84.0899,85,83.6285,85.3585,69091834.0
85.4071,86,85.3328,86.3699,79439024.0
86.3585,86,85.8185,86.3871,58708986.0
86.2613,86,86.0085,86.6156,49249914.0
86.6571,87,86.2999,86.7528,50218945.0
86.7499,87,86.6385,87.7328,58052491.0
87.9828,89,87.9471,89.3756,87216605.0
89.4313,89,89.1113,89.1442,78921885.0
89.6928,90,89.6813,90.7685,94118633.0
91.1399,92,89.8428,90.4285,141005137.0
90.5656,90,88.9285,89.8071,92337903.0
89.7799,91,89.7499,91.0771,73231620.0
91.0628,92,90.8728,92.1171,83870521.0
92.3142,92,91.8013,92.4785,75951141.0
92.8428,93,92.0671,92.2242,87620911.0
92.7,93,91.75,93.7,75414804.0
94.73,95,93.57,94.25,62777042.0
94.13,94,93.47,93.86,45681114.0
94.04,94,91.9,92.29,54748791.0
92.2,92,90.88,91.28,54525280.0
91.51,92,91.45,92.2,35561270.0
92.31,92,91.8,92.08,29726347.0
92.27,92,91.35,92.18,33514108.0
92.29,92,91.3389,91.86,35527686.0
91.85,92,90.9,90.91,100898066.0
91.32,91,90.6,90.83,43694391.0
90.75,91,90.19,90.28,39036087.0
90.21,90,89.65,90.36,36868541.0
90.37,91,89.8,90.9,32629359.0
90.82,92,90.77,91.98,64028803.0
92.1,93,92.09,92.93,49589028.0
93.52,94,93.13,93.52,38223477.0
93.865,94,93.09,93.48,28465073.0
93.67,94,93.2,94.03,22891753.0
94.14,95,94.1,95.968,56467939.0
96.27,96,93.92,95.35,65221678.0
95.44,95,94.76,95.39,36436440.0
93.76,95,93.52,95.035,39685552.0
95.36,95,94.8625,95.22,34018228.0
95.86,96,95.65,96.45,42810155.0
96.8,96,95.03,95.32,45696176.0
96.97,97,94.74,94.78,53502415.0
95.03,95,92.57,93.0899,57298243.0
93.62,94,93.02,94.43,49987593.0
94.99,95,93.72,93.939,39079002.0
94.68,94,94.12,94.72,55196597.0
95.42,97,95.17,97.19,92917719.0
97.035,97,96.42,97.03,45728843.0
96.85,97,96.64,97.671,43469117.0
97.82,99,97.55,99.02,55317689.0
99.33,99,98.25,98.38,43143095.0
98.44,98,97.67,98.15,33010001.0
97.16,97,95.33,95.6,56842647.0
94.9,96,94.81,96.13,48511286.0
96.37,96,95.17,95.59,39958144.0
95.36,95,94.36,95.12,55932663.0
94.75,95,94.71,94.96,38558342.0
94.93,95,94.1,94.48,46711179.0
94.26,94,93.28,94.74,41865193.0
95.27,96,94.8355,95.99,36584844.0
96.04,96,95.61,95.97,33795352.0
96.15,97,96.04,97.24,31866088.0
97.33,97,96.8,97.5,28115566.0
97.9,98,96.86,97.98,48951331.0
98.49,99,97.98,99.16,47572413.0
99.41,100,99.32,100.53,69399270.0
100.44,101,99.95,100.57,52699192.0
100.57,100,100.11,100.58,33478198.0
100.29,101,100.19,101.32,44183834.0
101.79,102,101.28,101.54,40270173.0
101.42,101,100.86,100.889,33151984.0
101.02,102,100.7,102.13,52369011.0
101.59,102,101.56,102.25,68459801.0
102.86,102,102.2,102.5,44595247.0
103.06,103,102.72,103.3,53564262.0
103.1,103,98.58,98.94,125420521.0
98.85,100,97.79,98.12,85718221.0
98.8,99,98.31,98.97,58457035.0
99.3,99,98.05,98.36,46356742.0
99.08,103,96.14,97.99,189846255.0
98.01,101,97.76,101.0,100869587.0
100.41,101,99.62,101.43,62399743.0
101.21,102,101.08,101.66,64096903.0
102.81,103,101.44,101.63,61316516.0
99.8,101,98.89,100.86,66908133.0
101.27,101,100.5922,101.58,60926498.0
101.93,102,101.56,101.79,37299435.0
102.29,102,100.88,100.96,70902406.0
101.8,102,100.58,101.06,52788426.0
100.6,102,100.54,102.64,63402196.0
102.16,102,101.2,101.75,60171828.0
100.51,100,97.72,97.87,100091990.0
98.53,100,98.4,100.75,62370501.0
98.65,100,98.63,100.11,49766312.0
100.81,101,100.53,100.75,55264139.0
100.59,100,98.7,99.18,51491286.0
99.27,100,98.04,99.9,47757828.0
99.44,100,99.04,99.62,43469585.0
99.95,100,99.42,99.62,37051182.0
99.43,100,98.73,98.75,42094183.0
98.76,101,98.31,100.8,57404674.0
101.54,102,100.61,101.02,77376525.0
100.69,102,100.3,100.73,66331592.0
101.33,101,99.81,99.81,53583368.0
100.39,100,98.57,98.75,63688562.0
97.97,99,95.18,97.54,100933600.0
95.55,97,95.41,96.26,72154523.0
97.5,99,96.81,97.67,68179688.0
98.315,99,98.22,99.76,77517279.0
103.02,103,101.27,102.47,94623904.0
102.84,104,102.6,102.99,68263146.0
104.08,105,103.63,104.83,71074674.0
105.18,105,104.53,105.22,47053916.0
104.85,105,104.7,105.11,34187701.0
105.4,106,105.35,106.74,48060949.0
106.65,107,106.36,107.34,52687879.0
106.959,107,105.9,106.98,40654793.0
108.01,108,107.21,108.0,44639285.0
108.22,110,108.01,109.4,52282550.0
109.36,109,107.72,108.6,41574365.0
109.1,109,108.125,108.86,37435905.0
108.6,108,107.8,108.7,34968457.0
108.75,109,108.55,109.01,33691535.0
109.02,109,108.67,108.83,27195547.0
108.7,109,108.4,109.7,27442252.0
109.38,111,109.37,111.25,46942431.0
111.8,113,111.6,112.82,59522855.0
113.15,114,113.05,114.18,44063595.0
114.27,117,113.3,113.99,46746712.0
113.94,115,113.89,115.47,44223978.0
115.44,115,113.8,114.67,41869160.0
114.91,116,114.85,116.31,43395537.0
117.51,117,116.03,116.47,57179298.0
116.85,118,116.62,118.625,47450824.0
119.07,119,117.45,117.6,68840440.0
117.94,119,117.83,119.0,40831886.0
119.27,119,118.05,118.93,24814402.0
118.81,119,111.27,115.07,83814037.0
113.5,115,112.75,114.63,59348940.0
115.75,116,115.11,115.93,43063440.0
115.77,117,115.29,115.49,42155776.0
115.99,116,114.64,115.0,38318895.0
114.1,114,111.62,112.4,57664850.0
110.19,114,109.35,114.12,60208036.0
114.41,114,111.54,111.95,44565318.0
112.26,113,111.34,111.62,41471578.0
110.46,111,109.58,109.73,56028138.0
110.7,111,106.35,108.225,67218082.0
106.37,110,106.26,106.745,60790733.0
107.12,109,106.82,109.41,53411773.0
111.87,112,110.66,112.65,59006218.0
112.26,113,111.66,111.78,88429770.0
112.16,113,111.97,112.94,45167549.0
113.23,113,112.46,112.54,26028419.0
112.58,112,112.01,112.01,14479611.0
112.1,114,112.01,113.99,33720951.0
113.79,114,113.7,113.91,27598920.0
113.64,113,112.11,112.52,29881477.0
112.82,113,110.21,110.38,41403351.0
111.39,111,107.35,109.33,53204626.0
108.29,108,105.41,106.25,64285491.0
106.54,107,104.63,106.26,65797116.0
107.2,108,106.695,107.75,40105934.0
109.23,112,108.7,111.89,59364547.0
112.67,113,110.21,112.01,53699527.0
112.6,112,108.8,109.25,49650790.0
111.43,112,108.91,110.22,67091928.0
109.04,110,108.5,109.8,48956588.0
110.0,110,106.66,106.82,60013996.0
107.03,107,105.2,105.99,78513345.0
107.84,108,106.5,108.72,49899907.0
108.95,111,108.27,109.55,48575897.0
110.26,112,109.72,112.4,53796409.0
112.3,113,111.53,112.98,46464828.0
113.74,114,112.8,113.1,55614979.0
112.42,112,109.03,109.14,95568749.0
117.625,118,115.31,115.31,146477063.0
116.32,119,115.56,118.9,84436432.0
118.4,120,116.85,117.16,83745461.0
118.05,119,116.08,118.63,62739100.0
118.5,119,117.61,118.65,51915749.0
118.5,120,118.309,119.56,70149743.0
120.02,120,119.25,119.94,42246245.0
120.02,120,118.45,118.93,43706567.0
118.55,119,118.43,119.72,38889797.0
120.17,122,120.16,122.02,62008506.0
122.77,124,122.5,124.88,73561797.0
126.06,127,125.57,126.46,74474466.0
127.28,127,125.65,127.08,54272219.0
127.49,128,126.92,127.83,63152405.0
127.625,128,127.45,128.715,44891737.0
128.48,129,128.33,128.45,37362381.0
128.62,129,128.05,129.495,48948419.0
130.02,133,129.66,133.0,70974110.0
132.94,133,131.17,132.17,69228130.0
131.56,131,128.15,128.79,74711746.0
128.785,130,126.61,130.415,91287529.0
130.0,130,128.24,128.46,62014847.0
129.25,130,128.3,129.09,48096663.0
128.96,129,128.09,129.36,37816283.0
129.1,129,128.32,128.54,31666340.0
128.58,128,125.76,126.41,56517146.0
128.4,129,126.26,126.6,72842060.0
127.96,129,125.06,127.14,88528487.0
126.41,127,123.8,124.51,68856582.0
124.75,124,122.11,122.24,68938974.0
122.31,124,121.63,124.45,48362719.0
124.4,125,122.58,123.59,51827283.0
123.88,124,122.87,124.95,35874300.0
125.9,127,125.65,127.04,51023104.0
127.0,129,126.37,128.47,65270945.0
128.75,129,127.4,127.495,45809490.0
128.25,128,125.16,125.9,68695136.0
127.12,127,126.52,127.21,37709674.0
127.23,128,126.56,126.69,32842304.0
126.54,126,123.38,123.38,51655177.0
122.76,124,122.6,124.24,47572869.0
124.57,124,122.91,123.25,39546151.0
124.05,126,124.0,126.37,47099670.0
126.09,126,124.355,124.43,42090553.0
124.82,125,123.1,124.25,40621437.0
125.03,125,124.19,125.32,32220131.0
124.47,127,124.33,127.35,37193975.0
127.64,128,125.98,126.01,35012268.0
125.85,126,124.97,125.6,37329243.0
125.85,126,124.66,126.56,32483974.0
125.95,127,125.26,127.1,40187953.0
128.37,128,126.61,126.85,36365123.0
127.0,127,125.91,126.3,25524593.0
126.41,127,126.01,126.78,28970419.0
126.28,127,126.11,126.17,28368987.0
125.55,126,124.46,124.75,51957046.0
125.57,128,125.17,127.6,47054310.0
128.1,128,126.67,126.91,32435057.0
126.99,128,126.32,128.62,37654505.0
128.3,130,128.14,129.67,45770902.0
130.49,130,129.23,130.28,44525905.0
132.31,133,131.15,132.65,96954207.0
134.455,134,129.57,130.56,118923970.0
130.16,131,128.3,128.64,63386083.0
127.5,127,124.58,125.15,83195423.0
126.1,130,125.3,128.95,58512638.0
129.5,130,128.26,128.7,50988278.0
128.15,128,125.78,125.8,49271416.0
126.56,126,123.36,125.01,72141010.0
124.77,126,124.02,125.26,43940895.0
126.68,127,126.11,127.62,55550382.0
127.39,127,125.625,126.32,42035757.0
125.6,126,124.82,125.865,48160032.0
126.15,127,125.87,126.01,34694235.0
127.41,128,127.16,128.95,45203456.0
129.07,129,128.21,128.77,38208034.0
128.38,130,128.36,130.19,50882918.0
130.69,130,129.64,130.07,44633240.0
130.0,130,129.34,130.06,36454932.0
130.07,131,129.83,131.39,39730364.0
131.6,132,131.4,132.54,45595972.0
132.6,132,129.12,129.62,70697560.0
130.34,132,130.05,132.045,45833246.0
131.86,131,131.1,131.78,30733309.0
131.23,131,129.9,130.28,50884452.0
131.2,131,130.05,130.535,32112797.0
129.86,130,129.32,129.96,33667627.0
130.66,130,129.9,130.12,30983542.0
129.58,130,128.91,129.36,38450118.0
129.5,129,128.36,128.65,35626800.0
128.9,129,126.83,127.8,52674786.0
126.7,128,125.62,127.42,56075420.0
127.92,129,127.85,128.88,39087250.0
129.18,130,128.475,128.59,35390887.0
128.185,128,127.11,127.17,36886246.0
126.1,127,125.71,126.92,43988946.0
127.03,127,126.37,127.6,31494131.0
127.72,127,126.74,127.3,32918071.0
127.23,128,127.22,127.88,35407220.0
127.71,127,126.4,126.6,54716887.0
127.49,128,127.08,127.61,34039345.0
127.48,127,126.8792,127.03,30268863.0
127.21,129,127.12,128.11,55280855.0
128.86,129,127.5,127.5,31938100.0
127.67,127,126.51,126.75,44066841.0
125.46,126,124.48,124.53,49161427.0
125.57,126,124.86,125.425,44370682.0
126.9,126,125.99,126.6,30238811.0
126.43,126,125.77,126.44,27210952.0
124.94,126,124.85,126.0,28060431.0
125.89,126,123.77,125.69,46946811.0
124.48,124,122.54,122.57,60761614.0
123.85,124,119.22,120.07,78595038.0
121.94,123,121.21,123.28,61354474.0
125.03,125,124.32,125.66,41440538.0
126.04,126,125.04,125.61,31768139.0
125.72,127,125.58,126.82,33649200.0
127.74,128,127.35,128.51,36222447.0
129.08,129,128.31,129.62,46164710.0
130.97,132,130.7,132.07,58900203.0
132.85,132,130.32,130.75,76756427.0
121.99,125,121.99,125.22,115450607.0
126.2,127,125.06,125.16,50999452.0
125.32,125,123.9,124.5,42162332.0
123.09,123,122.12,122.77,44455540.0
123.38,123,122.55,123.38,33618097.0
123.15,123,122.27,122.99,37011653.0
122.32,122,121.71,122.37,33628268.0
122.6,122,120.91,121.3,42884953.0
121.5,122,117.52,118.44,69975968.0
117.42,117,113.25,114.64,124138623.0
112.95,117,112.1,115.4,99312613.0
115.97,116,114.115,115.13,52903040.0
114.58,116,114.5,115.52,38670405.0
116.53,119,116.53,119.72,54951597.0
117.81,118,113.33,113.49,97082814.0
112.53,115,109.63,115.24,101685610.0
116.04,116,114.54,115.15,48535789.0
114.32,116,114.01,115.96,42929516.0
116.04,117,115.5,117.16,40884745.0
116.43,117,116.01,116.5,34560708.0
116.1,116,114.68,115.01,48286510.0
114.08,114,111.63,112.65,68501622.0
110.43,111,105.645,105.76,128275471.0
94.87,108,92.0,103.12,162206292.0
111.11,111,103.5,103.74,103601599.0
107.085,109,105.05,109.69,96774611.0
112.25,113,110.02,112.92,84616056.0
112.17,113,111.54,113.29,53164407.0
112.13,114,112.0,112.76,56229271.0
110.18,111,107.36,107.72,76845860.0
110.0,112,109.131,112.34,61888812.0
112.49,112,110.04,110.37,53233940.0
108.97,110,108.51,109.27,49996311.0
111.65,112,110.32,112.31,54843626.0
113.76,114,109.77,110.15,85010804.0
110.27,113,109.9,112.57,62892831.0
111.79,114,111.76,114.21,49915473.0
116.58,116,114.86,115.31,58363431.0
115.93,116,114.42,116.28,43341155.0
116.25,116,115.44,116.41,37173489.0
115.66,116,113.715,113.92,64112641.0
112.21,114,111.87,113.45,74285291.0
113.67,115,113.66,115.21,50221965.0
113.38,114,112.5201,113.4,50346159.0
113.63,114,113.3,114.32,35756716.0
113.25,115,112.37,115.0,50219475.0
116.44,116,114.02,114.71,56151926.0
113.85,114,112.44,112.44,52109011.0
112.83,113,107.86,109.06,73365384.0
110.17,111,108.73,110.3,66473033.0
109.07,109,107.31,109.58,63929100.0
108.01,111,107.55,110.38,58019758.0
109.88,111,109.07,110.78,52064743.0
110.63,111,109.765,111.31,48856977.0
111.74,111,109.41,110.78,46765550.0
110.19,110,108.21,109.5,61979577.0
110.0,112,109.49,112.12,52766140.0
112.73,112,111.44,111.6,30467204.0
110.82,112,110.68,111.79,33049256.0
111.29,111,109.56,110.21,44462449.0
110.93,112,110.49,111.86,37673452.0
111.78,112,110.53,111.04,39232609.0
110.8,111,110.11,111.73,29759153.0
111.34,114,110.82,113.77,48967763.0
114.0,115,113.7,113.76,42326974.0
114.33,115,114.1,115.5,41654089.0
116.7,119,116.33,119.08,59366914.0
118.08,118,114.92,115.28,66333781.0
115.4,116,113.99,114.55,69884400.0
116.93,119,116.06,119.27,85551352.0
118.7,120,118.27,120.53,51227334.0
120.99,121,119.45,119.5,49365254.0
119.87,121,119.61,121.18,32203267.0
120.79,123,120.7,122.57,45518976.0
123.13,123,121.62,122.0,44886050.0
121.85,122,120.18,120.92,39552680.0
121.11,121,120.62,121.06,33042283.0
120.96,121,120.05,120.57,33871405.0
116.9,118,116.061,116.77,59127931.0
116.37,117,115.21,116.11,45217971.0
116.26,116,115.65,115.72,32525579.0
115.2,115,112.27,112.34,45812403.0
111.38,114,111.0,114.175,38106701.0
114.92,115,113.32,113.69,27616939.0
115.76,117,115.5,117.29,46674697.0
117.64,119,116.76,118.78,43295820.0
119.2,119,118.85,119.3,34287096.0
119.27,119,117.34,117.75,32482528.0
117.33,119,117.12,118.88,42803172.0
119.21,119,117.92,118.03,21388308.0
118.29,118,117.6,117.81,13046445.0
117.99,119,117.75,118.3,39180322.0
118.75,118,116.86,117.34,34852374.0
117.05,118,116.08,116.28,33386563.0
116.55,116,114.22,115.2,41569509.0
115.29,119,115.11,119.03,57776977.0
118.98,119,117.81,118.28,32084249.0
117.52,118,116.86,118.23,34309450.0
117.64,117,115.08,115.62,46361357.0
116.04,116,115.51,116.17,29212727.0
115.19,115,112.851,113.18,46886161.0
112.18,112,109.79,112.48,65003609.0
111.94,112,110.35,110.49,53323105.0
111.07,111,108.8,111.34,56238467.0
112.02,112,108.98,108.98,44772827.0
108.91,109,105.81,106.03,96453327.0
107.28,107,105.57,107.33,47590610.0
107.4,107,106.451,107.23,32789367.0
107.27,108,107.2,108.61,32657354.0
109.0,109,107.95,108.03,13596680.0
107.59,107,106.1807,106.82,26704210.0
106.96,109,106.86,108.74,30931243.0
108.58,108,107.18,107.32,25213777.0
107.01,107,104.82,105.26,40912316.0
102.61,105,102.0,105.35,67649387.0
105.75,105,102.41,102.71,55790992.0
100.56,102,99.87,100.7,68457388.0
98.68,100,96.43,96.45,81094428.0
98.55,99,96.76,96.96,70798016.0
98.97,99,97.34,98.53,49739377.0
100.55,100,98.8399,99.96,49154227.0
100.32,101,97.3,97.39,62439631.0
97.96,100,95.74,99.52,63170127.0
96.2,97,95.36,97.13,79833891.0
98.41,98,95.5,96.66,53087747.0
95.1,98,93.42,96.79,72334416.0
97.06,97,94.94,96.3,52161463.0
98.63,101,98.37,101.42,65800467.0
101.52,101,99.21,99.44,51794525.0
99.93,100,98.07,99.99,75077002.0
96.04,96,93.34,93.42,133369674.0
93.79,94,92.39,94.09,55678825.0
94.79,97,94.35,97.34,64416504.0
96.47,96,95.4,96.43,40943541.0
95.42,96,94.28,94.48,37357215.0
95.0,96,94.08,96.35,45964294.0
95.86,97,95.19,96.6,46471652.0
96.52,96,93.69,94.02,46418064.0
93.13,95,93.04,95.01,54021375.0
94.29,95,93.93,94.99,44331195.0
95.92,96,94.1,94.27,42343601.0
93.79,94,92.59,93.7,50074711.0
94.19,94,93.01,93.99,40351381.0
95.02,96,94.61,96.64,49057916.0
96.67,98,96.15,98.12,44863243.0
98.84,98,96.091,96.26,39020983.0
96.0,96,95.8,96.04,35374173.0
96.31,96,95.92,96.88,34280758.0
96.4,96,94.55,94.69,31942633.0
93.98,96,93.32,96.1,36255745.0
96.05,96,95.25,96.76,27582659.0
97.2,98,96.58,96.91,28991131.0
96.86,98,96.65,96.69,35216277.0
97.65,100,97.42,100.53,50407147.0
100.51,100,99.64,100.75,33169560.0
100.58,101,100.45,101.5,36955742.0
102.37,103,101.37,103.01,46055100.0
102.39,102,100.96,101.87,35915810.0
100.78,101,100.4,101.03,31561889.0
101.31,101,100.27,101.12,27201683.0
101.41,102,100.15,101.17,33513577.0
102.24,102,101.5,102.26,27408237.0
101.91,102,101.78,102.52,25076062.0
103.96,105,103.85,104.58,40067734.0
104.61,106,104.59,105.97,38303493.0
105.52,106,104.96,105.8,34420705.0
106.34,106,105.19,105.92,44205171.0
105.93,107,105.1401,105.91,35502678.0
105.25,107,105.21,106.72,32444375.0
106.48,107,105.9,106.13,25703495.0
105.47,106,104.89,105.67,26132955.0
106.0,106,105.06,105.19,19411372.0
104.89,107,104.88,107.68,31190083.0
108.65,110,108.6,109.56,45601149.0
109.72,109,108.88,108.99,25888449.0
108.78,110,108.2,109.99,25873950.0
110.42,112,110.27,111.12,37356204.0
109.51,110,109.42,109.81,26578652.0
110.23,110,109.2,110.96,26404077.0
109.95,110,108.121,108.54,31801870.0
108.91,109,108.17,108.66,23581740.0
108.97,110,108.83,109.02,29407518.0
109.34,110,108.66,110.44,27232325.0
110.8,112,110.8,112.04,33257316.0
111.62,112,111.33,112.1,25473923.0
112.11,112,109.73,109.85,46938969.0
108.89,108,106.94,107.48,60821461.0
107.88,108,106.23,106.91,32384879.0
106.64,108,106.06,107.13,30611030.0
106.93,106,105.52,105.97,31552525.0
105.01,106,104.62,105.68,33683121.0
105.0,105,104.51,105.08,28031588.0
103.91,105,103.91,104.35,56016165.0
96.0,98,95.68,97.82,114602142.0
97.61,97,94.25,94.83,82242690.0
93.99,94,92.51,93.74,68531478.0
93.965,94,92.4,93.64,48160104.0
94.2,95,93.68,95.18,56831277.0
95.2,95,93.82,94.19,41025475.0
94.0,94,92.68,93.24,35890500.0
93.37,93,91.85,92.72,43699886.0
93.0,93,92.59,92.79,32936436.0
93.33,93,92.11,93.42,33686836.0
93.48,93,92.46,92.51,28719109.0
92.72,92,89.47,90.34,76314690.0
90.0,91,90.0,90.52,44392765.0
92.39,94,91.65,93.88,61259756.0
94.55,94,93.01,93.49,46916939.0
94.16,95,93.89,94.56,42062391.0
94.64,94,93.57,94.2,30442100.0
94.64,95,94.52,95.22,32025968.0
95.87,97,95.67,96.43,38018643.0
97.22,98,96.84,97.9,35140174.0
98.67,99,98.11,99.62,38642108.0
99.68,100,98.64,100.41,56331159.0
99.44,100,99.245,100.35,36341240.0
99.6,100,98.82,99.86,42307212.0
99.02,99,98.33,98.46,29173285.0
97.6,97,96.63,97.72,40191600.0
97.79,98,97.45,97.92,28504888.0
97.99,101,97.55,98.63,23292504.0
99.25,99,98.96,99.03,22409450.0
99.02,99,98.68,98.94,20848131.0
98.5,99,98.46,99.65,26601354.0
98.53,99,98.48,98.83,31712936.0
98.69,99,97.1,97.34,38020494.0
97.32,98,96.75,97.46,31931944.0
97.82,98,97.03,97.14,29445227.0
96.45,97,96.07,97.55,31326815.0
96.62,96,95.3,95.33,61008219.0
96.0,96,95.03,95.1,34411901.0
94.94,96,94.676,95.91,35546358.0
96.25,96,95.35,95.55,29219122.0
95.94,96,95.25,96.1,32240187.0
92.91,94,92.65,93.4,75311356.0
93.0,93,91.5,92.04,46622188.0
92.9,93,92.14,93.59,40444914.0
93.97,94,93.63,94.4,36531006.0
94.44,95,94.3,95.6,35836356.0
95.49,96,95.33,95.89,26026540.0
95.39,95,94.46,94.99,27705210.0
94.6,95,94.37,95.53,30949090.0
95.7,96,95.62,95.94,25139558.0
96.49,96,96.05,96.68,28912103.0
96.75,97,96.73,96.98,23794945.0
97.17,97,97.12,97.42,24167463.0
97.41,97,96.84,96.87,25892171.0
97.39,98,97.32,98.79,38918997.0
98.92,99,98.5,98.78,30136990.0
98.7,100,98.6,99.83,36493867.0
99.56,100,99.34,99.87,23779924.0
100.0,100,99.735,99.96,26275968.0
99.83,101,99.13,99.43,32702028.0
99.26,99,98.31,98.66,28313669.0
98.25,98,96.92,97.34,40382921.0
96.82,97,96.42,96.67,56239822.0
104.265,104,102.75,102.95,92344820.0
102.83,104,102.82,104.34,39869839.0
104.19,104,103.68,104.21,27733688.0
104.41,106,104.41,106.05,38167871.0
106.05,106,104.0,104.48,33816556.0
104.81,105,104.77,105.79,30202641.0
105.58,106,105.28,105.87,27408650.0
106.27,107,106.18,107.48,40553402.0
107.52,108,107.16,108.37,28037220.0
108.23,108,108.01,108.81,26315204.0
108.71,108,107.76,108.0,24008505.0
108.52,108,107.85,107.93,27484506.0
107.78,108,107.78,108.18,18660434.0
108.14,109,108.08,109.48,25868209.0
109.63,110,109.21,109.38,33794448.0
109.1,109,108.34,109.22,25355976.0
109.23,109,109.02,109.08,21984703.0
108.77,109,108.36,109.36,25368072.0
108.86,109,107.85,108.51,25820230.0
108.59,109,108.53,108.85,21257669.0
108.565,108,107.68,108.03,23675081.0
107.39,107,106.68,107.57,25086248.0
107.41,107,106.31,106.94,27766291.0
106.62,107,106.29,106.82,24970300.0
105.8,106,105.5,106.0,24863945.0
105.66,106,105.64,106.1,29662406.0
106.14,106,105.62,106.73,26701523.0
107.7,108,106.82,107.73,26802450.0
107.9,108,107.51,107.7,26880391.0
107.83,108,107.07,108.36,42364328.0
107.25,107,105.24,105.52,53002026.0
104.64,105,103.13,103.13,46556984.0
102.65,105,102.53,105.44,45292770.0
107.51,108,107.24,107.95,62176190.0
108.73,113,108.6,111.77,112340318.0
113.86,115,113.49,115.57,90613177.0
115.12,116,114.04,114.92,79886911.0
115.19,116,113.25,113.58,47023046.0
113.05,114,112.51,113.57,34514269.0
113.85,113,112.441,113.55,36003185.0
114.35,114,114.0,114.62,31073984.0
114.42,114,111.55,112.71,52481151.0
111.64,113,111.55,112.88,29869442.0
113.0,113,112.34,113.09,24607412.0
113.69,114,113.43,113.95,29641085.0
113.16,113,111.8,112.18,35886990.0
112.46,113,111.8,113.05,36379106.0
112.71,113,112.28,112.52,21701760.0
113.06,114,112.63,113.0,29736835.0
113.4,113,112.69,113.05,21453089.0
113.7,114,113.13,113.89,28779313.0
114.31,114,113.51,114.06,24358443.0
115.02,116,114.72,116.05,36235956.0
117.7,118,116.2,116.3,64041043.0
117.35,117,116.75,117.34,37586787.0
116.79,117,115.72,116.98,35192406.0
117.88,118,117.13,117.63,35652191.0
117.33,117,116.78,117.55,23624896.0
118.18,118,117.45,117.47,24553478.0
117.25,117,113.8,117.12,20034594.0
116.86,117,116.33,117.06,24125801.0
116.81,116,116.28,116.6,23192665.0
117.1,117,117.0,117.65,23538673.0
117.95,118,117.31,118.25,48128970.0
114.31,115,113.31,115.59,66134219.0
115.39,115,114.1,114.48,34562045.0
113.87,115,113.45,113.72,37861662.0
113.65,114,113.2,113.54,26419398.0
113.46,113,110.53,111.49,43825812.0
111.4,112,111.23,111.59,28331709.0
110.98,111,109.55,109.83,26932602.0
108.53,110,108.11,108.84,30836997.0
110.08,110,109.46,110.41,32560000.0
110.31,111,109.7,111.06,24254179.0
109.88,111,108.05,110.88,59176361.0
111.09,111,105.83,107.79,57134541.0
107.12,108,106.55,108.43,34143898.0
107.71,107,104.08,105.71,51175504.0
106.57,107,106.1593,107.11,32264510.0
106.7,110,106.6,109.99,58840522.0
109.81,110,108.83,109.95,27632003.0
109.72,110,109.66,110.06,28428917.0
110.12,111,110.01,111.73,29264571.0
111.95,112,111.4,111.8,25965534.0
111.36,111,110.33,111.23,27426394.0
111.13,111,110.95,111.79,11475922.0
111.43,112,111.39,111.57,27193983.0
110.78,112,110.07,111.46,28528750.0
111.6,112,110.27,110.52,36162258.0
110.365,110,109.03,109.49,37086862.0
109.17,110,108.85,109.9,26527997.0
110.0,110,108.25,109.11,34324540.0
109.5,110,109.19,109.95,26195462.0
109.26,111,109.16,111.03,29998719.0
110.86,112,110.6,112.12,27068316.0
112.31,114,112.31,113.95,34402627.0
113.29,115,112.49,113.3,26374377.0
113.84,115,113.75,115.19,43733811.0
115.04,116,114.98,115.19,34031834.0
115.38,116,115.23,115.82,46524544.0
116.47,116,115.645,115.97,44351134.0
115.8,117,115.75,116.64,27779423.0
116.74,117,116.68,116.95,21424965.0
116.8,117,116.78,117.06,23783165.0
116.35,116,115.64,116.29,26085854.0
115.59,116,115.59,116.52,14249484.0
116.52,117,116.49,117.26,18296855.0
117.52,118,116.2,116.76,20905892.0
116.45,117,116.4,116.73,15039519.0
116.65,117,115.43,115.82,30586265.0
115.8,116,114.76,116.15,28781865.0
115.85,116,115.75,116.02,21118116.0
115.92,116,115.81,116.61,22193587.0
116.78,118,116.47,117.91,31751900.0
117.95,119,117.94,118.99,33561948.0
118.77,119,118.3,119.11,24462051.0
118.74,119,118.6,119.75,27588593.0
118.895,119,118.21,119.25,27086220.0
119.11,119,118.81,119.04,26111948.0
118.34,120,118.22,120.0,34439843.0
120.0,120,119.71,119.99,23712961.0
119.4,120,119.37,119.78,25597291.0
120.45,120,119.7346,120.0,32597892.0
120.0,120,119.77,120.08,22050218.0
119.55,120,119.5,119.97,23211038.0
120.42,122,120.28,121.88,32586673.0
121.67,122,121.6,121.94,26337576.0
122.14,122,121.6,121.95,20562944.0
120.93,121,120.66,121.63,30377503.0
121.15,121,120.62,121.35,49200993.0
127.03,130,127.01,128.75,111985040.0
127.975,129,127.78,128.53,33710411.0
128.31,129,128.16,129.08,24507301.0
129.13,130,128.9,130.29,26845924.0
130.54,132,130.45,131.53,38183841.0
131.35,132,131.22,132.04,23004072.0
131.65,132,131.12,132.42,28349859.0
132.46,132,132.05,132.12,20065458.0
133.08,133,132.75,133.29,23035421.0
133.47,135,133.25,135.02,33226223.0
135.52,136,134.62,135.51,35623100.0
135.67,135,134.8398,135.345,22584555.0
135.1,135,135.1,135.72,22198197.0
136.23,136,135.98,136.7,24507156.0
136.43,137,136.11,137.11,20836932.0
137.38,137,136.3,136.53,20788186.0
135.91,136,135.28,136.66,21776585.0
137.14,137,136.28,136.93,20257426.0
137.08,137,136.7,136.99,23482860.0
137.89,140,137.595,139.79,36414585.0
140.0,140,138.76,138.96,26210984.0
138.78,139,138.59,139.78,21571121.0
139.365,139,138.5959,139.34,21750044.0
139.06,139,138.79,139.52,17446297.0
138.95,139,138.82,139.0,18707236.0
138.74,138,137.05,138.68,22155904.0
139.25,139,138.64,139.14,19612801.0
138.85,139,138.82,139.2,17421717.0
139.3,139,138.84,138.99,15309065.0
139.41,140,139.025,140.46,25691774.0
140.72,141,140.26,140.69,19231998.0
141.0,141,139.89,139.99,43884952.0
140.4,141,140.23,141.46,21542038.0
142.11,142,139.73,139.84,39529912.0
139.845,141,139.76,141.42,25860165.0
141.26,141,140.61,140.92,20346301.0
141.5,141,140.35,140.64,22395563.0
139.39,141,138.62,140.88,23575094.0
140.91,144,140.62,143.8,33374805.0
143.68,144,143.19,144.12,29189955.0
144.19,144,143.5,143.93,21207252.0
143.72,144,143.01,143.66,19661651.0
143.71,144,143.05,143.7,19985714.0
143.25,144,143.17,144.77,19891354.0
144.22,145,143.81,144.02,27717854.0
144.29,144,143.45,143.66,21149034.0
143.73,144,143.27,143.34,16658543.0
143.6,143,142.9,143.17,18933397.0
142.94,143,140.06,141.63,30379376.0
141.6,142,141.01,141.8,20350000.0
141.91,142,141.05,141.05,17822880.0
141.48,141,140.87,141.83,16582094.0
141.41,142,141.11,141.2,14697544.0
141.88,142,140.45,140.68,17328375.0
141.22,142,141.16,142.44,23319562.0
142.44,142,141.85,142.27,17320928.0
143.5,143,143.18,143.64,17134333.0
143.91,144,143.87,144.53,18871501.0
144.47,144,143.3762,143.68,20041241.0
143.9225,144,143.31,143.79,14246347.0
144.09,144,143.27,143.65,20860358.0
145.1,147,144.96,146.58,33602943.0
147.54,148,146.84,147.51,45352194.0
145.59,147,144.27,147.06,45697034.0
146.52,147,145.81,146.53,23371872.0
146.76,148,146.76,148.96,27327725.0
149.03,153,149.03,153.01,48752413.0
153.87,154,153.45,153.99,39130363.0
153.63,153,152.11,153.26,25805692.0
152.45,154,152.31,153.95,27255058.0
154.7,156,154.67,156.1,32527017.0
156.01,156,155.05,155.7,26009719.0
155.94,156,154.72,155.47,20048478.0
153.6,154,149.71,150.25,50767678.0
151.27,153,151.13,152.54,33568215.0
153.38,153,152.63,153.06,26960788.0
154.0,154,152.91,153.99,22966437.0
154.9,154,153.31,153.8,19918871.0
153.84,154,152.67,153.34,19219154.0
153.73,154,153.03,153.87,19235598.0
154.0,154,153.31,153.61,21927637.0
153.42,154,153.33,153.67,20126851.0
153.97,154,152.38,152.76,24451164.0
153.17,153,152.22,153.18,16404088.0
153.58,155,152.89,155.45,27770715.0
154.34,154,153.46,153.93,25331662.0
153.9,155,153.78,154.45,26624926.0
155.02,155,154.48,155.37,21069647.0
155.25,155,154.4,154.99,21250798.0
155.19,155,146.02,148.98,64882657.0
145.74,146,142.51,145.42,72307330.0
147.16,147,145.15,146.59,34165445.0
147.5,147,143.84,145.16,31531232.0
143.32,144,142.21,144.29,32165373.0
143.78,144,142.2,142.27,50361093.0
143.66,146,143.66,146.34,32541404.0
146.87,146,144.94,145.01,24900073.0
145.52,146,144.61,145.87,21265751.0
145.77,146,145.1199,145.63,19106294.0
145.13,147,145.11,146.28,35439389.0
147.17,148,145.38,145.82,25692361.0
145.01,146,143.62,143.73,24761891.0
144.49,146,143.1601,145.83,22082432.0
144.71,145,142.28,143.68,31499368.0
144.45,144,143.78,144.02,23024107.0
144.88,145,143.1,143.5,14277848.0
143.69,144,142.7237,144.09,21569557.0
143.02,143,142.41,142.73,24128782.0
142.9,144,142.9,144.18,19201712.0
144.11,145,143.37,145.06,21090636.0
144.73,145,144.38,145.53,19781836.0
145.87,146,144.82,145.74,24884478.0
145.5,148,145.44,147.77,25199373.0
147.97,149,147.33,149.04,20132061.0
148.82,150,148.57,149.56,23793456.0
149.2,150,148.67,150.08,17868792.0
150.48,151,149.95,151.02,20922969.0
151.5,151,150.19,150.34,17243748.0
149.99,150,148.88,150.27,26252630.0
150.58,152,149.9,152.09,21493160.0
151.8,153,151.8,152.74,18853932.0
153.35,153,153.06,153.46,15780951.0
153.75,153,147.3,150.56,32476337.0
149.89,150,149.19,149.5,17213653.0
149.9,150,148.13,148.73,19845920.0
157.06,158,156.6701,158.59,21194042.0
159.28,159,156.16,157.14,69936800.0
157.05,157,155.02,155.57,27097296.0
156.07,157,155.69,156.39,20559852.0
157.06,158,156.6701,158.81,21870321.0
158.6,161,158.27,160.08,36205896.0
159.26,161,159.11,161.06,26131530.0
159.9,160,154.63,155.32,40804273.0
156.6,158,156.07,157.48,26257096.0
159.32,160,158.75,159.85,22122734.0
160.66,162,160.14,161.6,29465487.0
161.94,162,160.15,160.95,27671612.0
160.52,160,157.84,157.86,27940565.0
157.86,159,156.72,157.5,27428069.0
157.5,157,155.1101,157.21,26368528.0
158.23,160,158.02,159.78,21604585.0
159.07,160,158.88,159.98,19399081.0
160.43,160,158.55,159.27,19818918.0
159.65,160,159.27,159.86,25480063.0
160.14,162,159.93,161.47,25965972.0
160.1,163,160.0,162.91,29516910.0
163.8,163,162.61,163.35,27269584.0
163.64,164,163.48,164.0,26785096.0
164.8,164,163.63,164.05,16591051.0
163.75,164,160.56,162.08,29536314.0
162.71,162,160.52,161.91,21651726.0
162.09,162,160.36,161.26,21928502.0
160.86,161,158.53,158.63,28611535.0
160.5,162,159.89,161.5,31580798.0
162.61,163,158.77,160.86,71714046.0
159.87,159,157.91,159.65,44907361.0
158.99,159,158.09,158.28,23760749.0
158.47,160,158.0,159.88,49114602.0
160.11,160,157.995,158.67,28269435.0
159.51,159,158.44,158.73,20810632.0
157.9,158,153.83,156.07,52951364.0
155.8,155,152.75,153.39,37511661.0
152.02,152,150.56,151.89,46645443.0
149.99,151,149.16,150.55,44387336.0
151.78,153,151.69,153.14,36660045.0
153.8,154,153.54,154.23,25504227.0
153.89,154,152.7,153.28,22005455.0
153.21,154,152.0,154.12,26299810.0
154.26,154,152.72,153.81,18698842.0
154.01,155,153.91,154.48,16230293.0
153.63,153,152.46,153.48,20163750.0
154.18,155,154.05,155.39,21283769.0
154.97,155,154.56,155.3,17407558.0
155.81,156,155.485,155.84,16262923.0
156.055,158,155.1,155.9,15617014.0
155.97,156,155.75,156.55,16905640.0
156.35,157,155.7299,156.0,16125054.0
156.73,157,156.41,156.99,16394188.0
157.9,160,157.65,159.88,24121452.0
159.78,160,159.23,160.47,18997275.0
160.42,160,159.6,159.76,16374164.0
156.75,157,155.02,155.98,42584166.0
156.61,157,155.96,156.25,23974146.0
156.89,157,155.5,156.17,21984327.0
156.29,157,156.2,157.1,17757230.0
156.91,157,155.27,156.41,21207098.0
157.23,157,156.78,157.41,17000469.0
159.29,163,158.7,163.05,44454160.0
163.89,168,163.72,166.72,44700772.0
167.9,169,166.94,169.04,36046828.0
169.87,169,165.61,166.89,33637762.0
167.64,168,165.28,168.11,41393373.0
174.0,174,171.12,172.5,59398631.0
172.365,174,171.72,174.25,35026306.0
173.91,175,173.6,174.81,24361485.0
174.66,176,174.33,176.24,24409527.0
175.11,176,173.14,175.88,29185668.0
175.11,175,174.27,174.67,25145500.0
173.5,174,173.4,173.97,16982080.0
173.04,173,171.18,171.34,24782487.0
169.97,170,168.38,169.08,29158070.0
171.18,171,170.3,171.1,23637484.0
171.04,171,169.64,170.15,21899544.0
170.29,170,169.56,169.98,16262447.0
170.78,173,170.78,173.14,25131295.0
173.36,175,173.05,174.96,25588925.0
175.1,175,174.6459,174.97,14026673.0
175.05,175,173.34,174.09,20716802.0
174.3,174,171.86,173.07,26428802.0
172.63,172,167.16,169.48,41666364.0
170.43,172,168.44,171.85,41527218.0
169.95,171,168.5,171.05,39759288.0
172.48,172,169.63,169.8,32542385.0
169.06,171,168.4,169.64,27350154.0
167.5,170,166.46,169.01,28560000.0
169.03,170,168.91,169.32,25673308.0
170.49,171,168.82,169.37,23355231.0
169.2,172,168.79,172.67,35273759.0
172.15,172,171.461,171.7,19409230.0
172.5,173,172.0,172.27,23818447.0
172.4,173,171.65,172.22,20476541.0
173.63,174,172.46,173.97,40169307.0
174.88,177,174.86,176.42,29421114.0
175.03,175,174.09,174.54,27436447.0
174.87,175,173.25,174.35,23475649.0
174.17,176,174.1,175.01,20949896.0
174.68,175,174.5,175.01,16349444.0
170.8,171,169.679,170.57,33185536.0
170.1,170,169.71,170.6,21498213.0
171.0,171,170.48,171.08,16480187.0
170.52,170,169.22,169.23,25999922.0
170.16,172,169.26,172.26,25555934.0
172.53,174,171.96,172.23,29517899.0
172.54,173,172.08,173.03,22434597.0
173.44,175,173.05,175.0,23660018.0
174.35,175,173.93,174.35,20567766.0
174.55,175,173.41,174.33,21583997.0
173.16,174,173.0,174.29,23959895.0
174.59,175,174.49,175.28,18667729.0
